mode,sweep_param,seed,layer1_role,layer2_role,hbm_ring_coverage,hbf_outer_ring_coverage,model_size_gb,num_layers,hidden_dim,num_experts,top_k,sequence_len,micro_batch_size,grad_accum_steps,data_parallel_degree,training_mode,lora_rank,route_diversity,expert_capacity_factor,activation_checkpoint_ratio,activation_offload_ratio,prefetch_accuracy,weight_prefetch_depth,lhb_enable,lhb_size_mb,hbm_capacity_gb,hbf_capacity_gb,sram_capacity_mb,hbm_bw_gbs,hbf_bw_gbs,bridge_bw_gbs,hbf_latency_us,compute_tflops_bf16,compute_efficiency,p_compute_w,p_hbm_w,p_hbf_w,p_sram_w,p_bridge_w,random_seed,tail_jitter_sigma,burst_probability,traffic_burst_factor,thermal_model_enable,ambient_temp_c,thermal_hotspot_gain,thermal_rc_tau_steps,thermal_throttle_start_c,thermal_throttle_max,thermal_shutdown_c,process_slowdown_sigma,tokens_per_sec_train,step_time_ms,step_p50_ms,step_p90_ms,step_p99_ms,step_p999_ms,step_max_ms,tail_ratio_p99_p50,stall_ratio,hbm_util,hbf_util,bridge_util,sram_hit_ratio,lhb_hit_ratio,overlap_efficiency,shared_context_reuse_ratio,batch_gain,expert_balance_score,thermal_peak_c,thermal_avg_c,thermal_throttle_ratio,burst_event_ratio,power_w,throughput_per_watt,train_stability_score,convergence_proxy,process_factor,model_hbm_resident_gb,model_hbf_resident_gb,trainable_ratio,trainable_gb,optimizer_gb,activation_stored_gb,activation_offload_gb,oom_hbm,oom_hbf
full_ft,sequence_len,11,compute_top,memory_bottom,1.0,1.0,180.0,80,8192,64,4,2048,4,16,1,full_finetune,64,0.35,1.2,0.65,0.35,0.9,2,1,64.0,192.0,2048.0,768.0,6400.0,4800.0,4800.0,6.0,1100.0,0.68,520.0,140.0,55.0,65.0,42.0,11,0.07,0.06,1.5,1,35.0,1.05,140.0,86.0,0.3,125.0,0.035,2465.0536280532733,53172.06835110986,51537.610597304934,59580.50411151978,86745.15057703227,91278.29659026183,91665.22141118872,1.6831426519716932,0.000609609340384531,0.0001058345402155592,0.0027526200228572633,0.002835858088281782,0.8531325000000001,0.75,0.8256265000000002,0.0,1.0,0.80375,74.29044563182585,57.7512557727425,0.0,0.05,561.865205870594,4.387268694159026,28.726325,0.244882650201976,0.9571574563500113,274.190625,1088.071875,1.0,180.0,720.0,23.062499999999996,8.071874999999999,1,0
full_ft,sequence_len,23,compute_top,memory_bottom,1.0,1.0,180.0,80,8192,64,4,2048,4,16,1,full_finetune,64,0.35,1.2,0.65,0.35,0.9,2,1,64.0,192.0,2048.0,768.0,6400.0,4800.0,4800.0,6.0,1100.0,0.68,520.0,140.0,55.0,65.0,42.0,23,0.07,0.06,1.5,1,35.0,1.05,140.0,86.0,0.3,125.0,0.035,2174.8868133838837,60266.124744241955,59517.09266580478,64320.959693303426,92377.29307245748,97936.76638517524,98593.09624663375,1.5521136691129462,0.0005423441938031898,9.337652669939868e-05,0.002428603143492879,0.002502043075510236,0.8531325000000001,0.75,0.8256265000000002,0.0,1.0,0.80375,74.00485195718029,57.48654114838271,0.0,0.03333333333333333,557.6752587406044,3.899916267211533,29.20518830887054,0.2532757066479273,1.0759495352258324,274.190625,1088.071875,1.0,180.0,720.0,23.062499999999996,8.071874999999999,1,0
full_ft,sequence_len,37,compute_top,memory_bottom,1.0,1.0,180.0,80,8192,64,4,2048,4,16,1,full_finetune,64,0.35,1.2,0.65,0.35,0.9,2,1,64.0,192.0,2048.0,768.0,6400.0,4800.0,4800.0,6.0,1100.0,0.68,520.0,140.0,55.0,65.0,42.0,37,0.07,0.06,1.5,1,35.0,1.05,140.0,86.0,0.3,125.0,0.035,2388.116227318879,54885.10085924654,53743.409482180235,60110.170175374464,79368.75151927424,84971.36209323871,85667.78637347328,1.4768090131235652,0.0005872394518943795,0.00010253131210748136,0.002666707315986324,0.0027473474174870395,0.8531325000000001,0.75,0.8256265000000002,0.0,1.0,0.80375,74.11850583975061,57.70750600399092,0.0,0.05,564.7501678448864,4.228624201090624,29.95823486876435,0.2664453791088864,0.993643013233809,274.190625,1088.071875,1.0,180.0,720.0,23.062499999999996,8.071874999999999,1,0
full_ft,sequence_len,11,compute_top,memory_bottom,1.0,1.0,180.0,80,8192,64,4,4096,4,16,1,full_finetune,64,0.35,1.2,0.65,0.35,0.9,2,1,64.0,192.0,2048.0,768.0,6400.0,4800.0,4800.0,6.0,1100.0,0.68,520.0,140.0,55.0,65.0,42.0,11,0.07,0.06,1.5,1,35.0,1.05,140.0,86.0,0.3,125.0,0.035,2465.4759115866077,106325.92221568391,103057.56660370485,119140.59847928521,173460.58595910922,182525.32512276684,183299.0422206523,1.6831426519716934,0.00046621621965439573,5.294929679593739e-05,0.0018826547264169662,0.0019141887130353181,0.7839450000000001,0.75,0.8117890000000002,0.0,1.0,0.80375,74.09803465980586,57.63983959592106,0.0,0.05,557.3607597375639,4.423483118451844,28.034450000000007,0.24491025337771652,0.9571574563500113,289.18125,1096.14375,1.0,180.0,720.0,46.12499999999999,16.143749999999997,1,0
full_ft,sequence_len,23,compute_top,memory_bottom,1.0,1.0,180.0,80,8192,64,4,4096,4,16,1,full_finetune,64,0.35,1.2,0.65,0.35,0.9,2,1,64.0,192.0,2048.0,768.0,6400.0,4800.0,4800.0,6.0,1100.0,0.68,520.0,140.0,55.0,65.0,42.0,23,0.07,0.06,1.5,1,35.0,1.05,140.0,86.0,0.3,125.0,0.035,2175.21827222549,120513.88283521429,119016.04695272344,128622.3169852633,184726.4333191103,195843.6856441552,197156.14534453803,1.5521136691129467,0.00041476543036482086,4.6715637070610935e-05,0.0016610119538983822,0.0016888334805926796,0.7839450000000001,0.75,0.8117890000000002,0.0,1.0,0.80375,73.81383957852461,57.37642131720872,0.0,0.03333333333333333,553.1716680184954,3.932266234851278,28.51331330887054,0.2533002655598891,1.0759495352258324,289.18125,1096.14375,1.0,180.0,720.0,46.12499999999999,16.143749999999997,1,0
full_ft,sequence_len,37,compute_top,memory_bottom,1.0,1.0,180.0,80,8192,64,4,4096,4,16,1,full_finetune,64,0.35,1.2,0.65,0.35,0.9,2,1,64.0,192.0,2048.0,768.0,6400.0,4800.0,4800.0,6.0,1100.0,0.68,520.0,140.0,55.0,65.0,42.0,37,0.07,0.06,1.5,1,35.0,1.05,140.0,86.0,0.3,125.0,0.035,2388.510316140688,109752.0903420537,107469.08433137214,120200.50476872691,158711.3123727069,169914.68473130025,171307.30348072588,1.4768090131235652,0.0004491053829421635,5.129636068847427e-05,0.0018238832570398793,0.0018544328365320214,0.7839450000000001,0.75,0.8117890000000002,0.0,1.0,0.80375,73.92693688166021,57.59630407608917,0.0,0.05,560.2459486212584,4.263324566681313,29.266359868764354,0.2664719699171597,0.993643013233809,289.18125,1096.14375,1.0,180.0,720.0,46.12499999999999,16.143749999999997,1,0
full_ft,sequence_len,11,compute_top,memory_bottom,1.0,1.0,180.0,80,8192,64,4,8192,4,16,1,full_finetune,64,0.35,1.2,0.65,0.35,0.9,2,1,64.0,192.0,2048.0,768.0,6400.0,4800.0,4800.0,6.0,1100.0,0.68,520.0,140.0,55.0,65.0,42.0,11,0.07,0.06,1.5,1,35.0,1.05,140.0,86.0,0.3,125.0,0.035,2465.580736899698,212642.8034391836,206106.37012654688,238271.06632252954,346906.4224030554,365035.1299471579,366582.49835304345,1.6831426519716928,0.00043762460961612024,2.649873653782766e-05,0.0014474978462557355,0.001453172905073382,0.64557,0.75,0.7841140000000001,0.0,1.0,0.80375,73.71321271576586,57.41700724227819,0.0,0.05,548.3409081623871,4.496437709093071,26.650699999999997,0.2449157572626489,0.9571574563500113,319.16249999999997,1112.2875,1.0,180.0,720.0,92.24999999999999,32.287499999999994,1,0
full_ft,sequence_len,23,compute_top,memory_bottom,1.0,1.0,180.0,80,8192,64,4,8192,4,16,1,full_finetune,64,0.35,1.2,0.65,0.35,0.9,2,1,64.0,192.0,2048.0,768.0,6400.0,4800.0,4800.0,6.0,1100.0,0.68,520.0,140.0,55.0,65.0,42.0,23,0.07,0.06,1.5,1,35.0,1.05,140.0,86.0,0.3,125.0,0.035,2175.300549781503,241018.6491483496,238023.0906902631,257234.90406916538,369438.89262486785,391672.55628739763,394297.376404433,1.5521136691129462,0.0003893273125682346,2.337896110907061e-05,0.0012770795998053484,0.0012820865169917602,0.64557,0.75,0.7841140000000001,0.0,1.0,0.80375,73.43181482121325,57.15618165486073,0.0,0.03333333333333333,544.1548161202647,3.9975765817732567,27.129563308870537,0.253305162397565,1.0759495352258324,319.16249999999997,1112.2875,1.0,180.0,720.0,92.24999999999999,32.287499999999994,1,0
full_ft,sequence_len,37,compute_top,memory_bottom,1.0,1.0,180.0,80,8192,64,4,8192,4,16,1,full_finetune,64,0.35,1.2,0.65,0.35,0.9,2,1,64.0,192.0,2048.0,768.0,6400.0,4800.0,4800.0,6.0,1100.0,0.68,520.0,140.0,55.0,65.0,42.0,37,0.07,0.06,1.5,1,35.0,1.05,140.0,86.0,0.3,125.0,0.035,2388.6081417879673,219495.1908719317,214929.3658519748,240391.1638938954,317409.62467512855,339815.45172220154,342600.5751514168,1.476809013123565,0.0004215624701838538,2.5671476457485135e-05,0.0014023086281630254,0.0014078065181708788,0.64557,0.75,0.7841140000000001,0.0,1.0,0.80375,73.54379896547948,57.37390022028573,0.0,0.05,551.2268924844277,4.333257637381046,27.882609868764348,0.2664772719278657,0.993643013233809,319.16249999999997,1112.2875,1.0,180.0,720.0,92.24999999999999,32.287499999999994,1,0
full_ft,sequence_len,11,compute_top,memory_bottom,1.0,1.0,180.0,80,8192,64,4,16384,4,16,1,full_finetune,64,0.35,1.2,0.65,0.35,0.9,2,1,64.0,192.0,2048.0,768.0,6400.0,4800.0,4800.0,6.0,1100.0,0.68,520.0,140.0,55.0,65.0,42.0,11,0.07,0.06,1.5,1,35.0,1.05,140.0,86.0,0.3,125.0,0.035,2206.0188700326466,475325.0365371908,460714.00642988435,532612.4443139377,775447.3945828993,815970.8848511087,819429.750762244,1.6831426519716932,0.00045756682670604256,1.187509770392319e-05,0.0011004049014764553,0.0010939135977800524,0.36882000000000004,0.75,0.7287640000000002,0.0,1.0,0.80375,72.943568827686,56.97134253499247,0.0,0.05,530.3097239616812,4.159868790548611,23.883200000000002,0.2449119183858591,0.9571574563500113,379.12499999999994,1144.575,1.0,180.0,720.0,184.49999999999997,64.57499999999999,1,0
full_ft,sequence_len,23,compute_top,memory_bottom,1.0,1.0,180.0,80,8192,64,4,16384,4,16,1,full_finetune,64,0.35,1.2,0.65,0.35,0.9,2,1,64.0,192.0,2048.0,768.0,6400.0,4800.0,4800.0,6.0,1100.0,0.68,520.0,140.0,55.0,65.0,42.0,23,0.07,0.06,1.5,1,35.0,1.05,140.0,86.0,0.3,125.0,0.035,1946.3003110957902,538753.446229292,532057.4189783798,575001.940917953,825813.5927492974,875512.9125439163,881380.2215209671,1.5521136691129467,0.0004070692098653883,1.0477021148552808e-05,0.0009708522584139373,0.0009651251875464343,0.36882000000000004,0.75,0.7287640000000002,0.0,1.0,0.80375,72.66776530659061,56.71570233016478,0.0,0.03333333333333333,526.1286276734406,3.6992860846641227,24.362063308870532,0.2533017470823352,1.0759495352258324,379.12499999999994,1144.575,1.0,180.0,720.0,184.49999999999997,64.57499999999999,1,0
full_ft,sequence_len,37,compute_top,memory_bottom,1.0,1.0,180.0,80,8192,64,4,16384,4,16,1,full_finetune,64,0.35,1.2,0.65,0.35,0.9,2,1,64.0,192.0,2048.0,768.0,6400.0,4800.0,4800.0,6.0,1100.0,0.68,520.0,140.0,55.0,65.0,42.0,37,0.07,0.06,1.5,1,35.0,1.05,140.0,86.0,0.3,125.0,0.035,2137.1504597980716,490642.1048610095,480436.0224893652,537351.3022055522,709512.2482415305,759596.4532751697,765822.0968356485,1.4768090131235654,0.0004407729463106095,1.1504375988275608e-05,0.0010660520057653247,0.0010597633502746982,0.36882000000000004,0.75,0.7287640000000002,0.0,1.0,0.80375,72.77752313311794,56.92909250867878,0.0,0.05,533.1970329753947,4.008181455684683,25.11510986876435,0.26647357391121124,0.993643013233809,379.12499999999994,1144.575,1.0,180.0,720.0,184.49999999999997,64.57499999999999,1,0
full_ft,micro_batch_size,11,compute_top,memory_bottom,1.0,1.0,180.0,80,8192,64,4,4096,2,16,1,full_finetune,64,0.35,1.2,0.65,0.35,0.9,2,1,64.0,192.0,2048.0,768.0,6400.0,4800.0,4800.0,6.0,1100.0,0.68,520.0,140.0,55.0,65.0,42.0,11,0.07,0.06,1.5,1,35.0,1.05,140.0,86.0,0.3,125.0,0.035,2441.136834676199,53693.01635948066,52042.54516971179,60164.23812671117,87595.02749230532,92172.58654908347,92563.30222714835,1.683142651971693,0.0006036946416763155,0.00010480769730971454,0.0027259131619666688,0.0028083436232120293,0.8531325000000001,0.75,0.8256265000000002,0.0,1.0,0.80375,74.29044563182585,57.7512557727425,0.0,0.05,561.8657064729081,4.34469804181563,28.726325,0.24488378878147732,0.9571574563500113,274.190625,1088.071875,1.0,180.0,720.0,23.062499999999996,8.071874999999999,1,0
full_ft,micro_batch_size,23,compute_top,memory_bottom,1.0,1.0,180.0,80,8192,64,4,4096,2,16,1,full_finetune,64,0.35,1.2,0.65,0.35,0.9,2,1,64.0,192.0,2048.0,768.0,6400.0,4800.0,4800.0,6.0,1100.0,0.68,520.0,140.0,55.0,65.0,42.0,23,0.07,0.06,1.5,1,35.0,1.05,140.0,86.0,0.3,125.0,0.035,2153.783782797493,60856.61942804399,60100.24824389542,64951.18413393446,93282.41681643142,98896.36251226377,99559.12317204647,1.5521136691129462,0.0005370817484673162,9.247048980273719e-05,0.0024050382912422035,0.002477765632092936,0.8531325000000001,0.75,0.8256265000000002,0.0,1.0,0.80375,74.00485195718029,57.48654114838271,0.0,0.03333333333333333,557.6757004480577,3.8620721345166413,29.20518830887054,0.25327671966865445,1.0759495352258324,274.190625,1088.071875,1.0,180.0,720.0,23.062499999999996,8.071874999999999,1,0
full_ft,micro_batch_size,37,compute_top,memory_bottom,1.0,1.0,180.0,80,8192,64,4,4096,2,16,1,full_finetune,64,0.35,1.2,0.65,0.35,0.9,2,1,64.0,192.0,2048.0,768.0,6400.0,4800.0,4800.0,6.0,1100.0,0.68,520.0,140.0,55.0,65.0,42.0,37,0.07,0.06,1.5,1,35.0,1.05,140.0,86.0,0.3,125.0,0.035,2364.945346426054,55422.84526704951,54269.968009956705,60699.10792638248,80146.3778990316,85803.88082917435,86507.12842313689,1.476809013123565,0.0005815416578860937,0.0001015364941863726,0.0026408333836844128,0.0027206910684142516,0.8531325000000001,0.75,0.8256265000000002,0.0,1.0,0.80375,74.11850583975061,57.70750600399092,0.0,0.05,564.7506528345081,4.187592054221258,29.95823486876435,0.26644647593423304,0.993643013233809,274.190625,1088.071875,1.0,180.0,720.0,23.062499999999996,8.071874999999999,1,0
full_ft,micro_batch_size,11,compute_top,memory_bottom,1.0,1.0,180.0,80,8192,64,4,4096,4,16,1,full_finetune,64,0.35,1.2,0.65,0.35,0.9,2,1,64.0,192.0,2048.0,768.0,6400.0,4800.0,4800.0,6.0,1100.0,0.68,520.0,140.0,55.0,65.0,42.0,11,0.07,0.06,1.5,1,35.0,1.05,140.0,86.0,0.3,125.0,0.035,2465.4759115866077,106325.92221568391,103057.56660370485,119140.59847928521,173460.58595910922,182525.32512276684,183299.0422206523,1.6831426519716934,0.00046621621965439573,5.294929679593739e-05,0.0018826547264169662,0.0019141887130353181,0.7839450000000001,0.75,0.8117890000000002,0.0,1.0,0.80375,74.09803465980586,57.63983959592106,0.0,0.05,557.3607597375639,4.423483118451844,28.034450000000007,0.24491025337771652,0.9571574563500113,289.18125,1096.14375,1.0,180.0,720.0,46.12499999999999,16.143749999999997,1,0
full_ft,micro_batch_size,23,compute_top,memory_bottom,1.0,1.0,180.0,80,8192,64,4,4096,4,16,1,full_finetune,64,0.35,1.2,0.65,0.35,0.9,2,1,64.0,192.0,2048.0,768.0,6400.0,4800.0,4800.0,6.0,1100.0,0.68,520.0,140.0,55.0,65.0,42.0,23,0.07,0.06,1.5,1,35.0,1.05,140.0,86.0,0.3,125.0,0.035,2175.21827222549,120513.88283521429,119016.04695272344,128622.3169852633,184726.4333191103,195843.6856441552,197156.14534453803,1.5521136691129467,0.00041476543036482086,4.6715637070610935e-05,0.0016610119538983822,0.0016888334805926796,0.7839450000000001,0.75,0.8117890000000002,0.0,1.0,0.80375,73.81383957852461,57.37642131720872,0.0,0.03333333333333333,553.1716680184954,3.932266234851278,28.51331330887054,0.2533002655598891,1.0759495352258324,289.18125,1096.14375,1.0,180.0,720.0,46.12499999999999,16.143749999999997,1,0
full_ft,micro_batch_size,37,compute_top,memory_bottom,1.0,1.0,180.0,80,8192,64,4,4096,4,16,1,full_finetune,64,0.35,1.2,0.65,0.35,0.9,2,1,64.0,192.0,2048.0,768.0,6400.0,4800.0,4800.0,6.0,1100.0,0.68,520.0,140.0,55.0,65.0,42.0,37,0.07,0.06,1.5,1,35.0,1.05,140.0,86.0,0.3,125.0,0.035,2388.510316140688,109752.0903420537,107469.08433137214,120200.50476872691,158711.3123727069,169914.68473130025,171307.30348072588,1.4768090131235652,0.0004491053829421635,5.129636068847427e-05,0.0018238832570398793,0.0018544328365320214,0.7839450000000001,0.75,0.8117890000000002,0.0,1.0,0.80375,73.92693688166021,57.59630407608917,0.0,0.05,560.2459486212584,4.263324566681313,29.266359868764354,0.2664719699171597,0.993643013233809,289.18125,1096.14375,1.0,180.0,720.0,46.12499999999999,16.143749999999997,1,0
full_ft,micro_batch_size,11,compute_top,memory_bottom,1.0,1.0,180.0,80,8192,64,4,4096,8,16,1,full_finetune,64,0.35,1.2,0.65,0.35,0.9,2,1,64.0,192.0,2048.0,768.0,6400.0,4800.0,4800.0,6.0,1100.0,0.68,520.0,140.0,55.0,65.0,42.0,11,0.07,0.06,1.5,1,35.0,1.05,140.0,86.0,0.3,125.0,0.035,2514.869640733121,208475.21935457556,202066.8935301927,233601.19418123056,340107.4070520903,357880.8102463,359397.8517949532,1.683142651971693,0.0004463731105848009,2.7028467183988743e-05,0.0014764344700196352,0.0014822229777396543,0.64557,0.75,0.7841140000000001,0.0,1.0,0.80375,73.71321271576586,57.41700724227819,0.0,0.05,548.3392223573029,4.586339145906306,26.650699999999997,0.2449140731762124,0.9571574563500113,319.16249999999997,1112.2875,1.0,180.0,720.0,92.24999999999999,32.287499999999994,1,0
full_ft,micro_batch_size,23,compute_top,memory_bottom,1.0,1.0,180.0,80,8192,64,4,4096,8,16,1,full_finetune,64,0.35,1.2,0.65,0.35,0.9,2,1,64.0,192.0,2048.0,768.0,6400.0,4800.0,4800.0,6.0,1100.0,0.68,520.0,140.0,55.0,65.0,42.0,23,0.07,0.06,1.5,1,35.0,1.05,140.0,86.0,0.3,125.0,0.035,2218.7887350176616,236294.6916601443,233357.84604797012,252193.10852513113,362197.902645809,383995.78724178113,386569.1609720291,1.5521136691129465,0.0003971107038513453,2.384634874957038e-05,0.0013026107266205524,0.0013077177411209132,0.64557,0.75,0.7841140000000001,0.0,1.0,0.80375,73.43181482121325,57.15618165486073,0.0,0.03333333333333333,544.1533287144181,4.077506500345463,27.12956330887053,0.253303664094743,1.0759495352258324,319.16249999999997,1112.2875,1.0,180.0,720.0,92.24999999999999,32.287499999999994,1,0
full_ft,micro_batch_size,37,compute_top,memory_bottom,1.0,1.0,180.0,80,8192,64,4,4096,8,16,1,full_finetune,64,0.35,1.2,0.65,0.35,0.9,2,1,64.0,192.0,2048.0,768.0,6400.0,4800.0,4800.0,6.0,1100.0,0.68,520.0,140.0,55.0,65.0,42.0,37,0.07,0.06,1.5,1,35.0,1.05,140.0,86.0,0.3,125.0,0.035,2436.359110256221,215193.23559196616,210716.8976125862,235679.6618666196,311188.6136117028,333155.30180755875,335885.8387267277,1.4768090131235654,0.00042999001737355425,2.6184678200964618e-05,0.0014303423578965468,0.0014359501569212094,0.64557,0.75,0.7841140000000001,0.0,1.0,0.80375,73.54379896547948,57.37390022028573,0.0,0.05,551.2252592806202,4.419897436187532,27.882609868764344,0.2664756496250316,0.993643013233809,319.16249999999997,1112.2875,1.0,180.0,720.0,92.24999999999999,32.287499999999994,1,0
full_ft,micro_batch_size,11,compute_top,memory_bottom,1.0,1.0,180.0,80,8192,64,4,4096,12,16,1,full_finetune,64,0.35,1.2,0.65,0.35,0.9,2,1,64.0,192.0,2048.0,768.0,6400.0,4800.0,4800.0,6.0,1100.0,0.68,520.0,140.0,55.0,65.0,42.0,11,0.07,0.06,1.5,1,35.0,1.05,140.0,86.0,0.3,125.0,0.035,2395.1073469877183,328349.37481573876,318256.2338440394,367922.89416019554,535670.6414387799,563663.8285678511,566053.1755876644,1.6831426519716934,0.0004543042674414932,1.7175755064753286e-05,0.0012651919932332011,0.0012623311399864814,0.5071950000000001,0.75,0.7564390000000002,0.0,1.0,0.80375,73.32839077172596,57.19417488863533,0.0,0.05,539.3212199373856,4.440966271020796,25.266950000000005,0.2449125464285175,0.9571574563500113,349.14375,1128.43125,1.0,180.0,720.0,138.375,48.43125,1,0
full_ft,micro_batch_size,23,compute_top,memory_bottom,1.0,1.0,180.0,80,8192,64,4,4096,12,16,1,full_finetune,64,0.35,1.2,0.65,0.35,0.9,2,1,64.0,192.0,2048.0,768.0,6400.0,4800.0,4800.0,6.0,1100.0,0.68,520.0,140.0,55.0,65.0,42.0,23,0.07,0.06,1.5,1,35.0,1.05,140.0,86.0,0.3,125.0,0.035,2113.1269509441554,372165.051251946,367539.50807916117,397205.11916804046,570463.0944287144,604794.8467878059,608847.9203438789,1.5521136691129467,0.0004041666891768724,1.5153621809808535e-05,0.001116238611343353,0.0011137145716146356,0.5071950000000001,0.75,0.7564390000000002,0.0,1.0,0.80375,73.04979006390194,56.935941992512774,0.0,0.03333333333333333,535.1381079710667,3.9487506486052864,25.745813308870538,0.25330230581756774,1.0759495352258324,349.14375,1128.43125,1.0,180.0,720.0,138.375,48.43125,1,0
full_ft,micro_batch_size,37,compute_top,memory_bottom,1.0,1.0,180.0,80,8192,64,4,4096,12,16,1,full_finetune,64,0.35,1.2,0.65,0.35,0.9,2,1,64.0,192.0,2048.0,768.0,6400.0,4800.0,4800.0,6.0,1100.0,0.68,520.0,140.0,55.0,65.0,42.0,37,0.07,0.06,1.5,1,35.0,1.05,140.0,86.0,0.3,125.0,0.035,2320.3358536881033,338930.2452703087,331879.99424782395,371196.45225808816,490123.36678058346,524720.9924797242,529021.5995373194,1.4768090131235654,0.0004376301236892166,1.6639554941466445e-05,0.0012256946843698887,0.0012229231424726737,0.5071950000000001,0.75,0.7564390000000002,0.0,1.0,0.80375,73.16066104929874,57.151496364482256,0.0,0.05,542.2079944632566,4.27942021766952,26.498859868764345,0.2664741789045659,0.993643013233809,349.14375,1128.43125,1.0,180.0,720.0,138.375,48.43125,1,0
full_ft,grad_accum_steps,11,compute_top,memory_bottom,1.0,1.0,180.0,80,8192,64,4,4096,4,8,1,full_finetune,64,0.35,1.2,0.65,0.35,0.9,2,1,64.0,192.0,2048.0,768.0,6400.0,4800.0,4800.0,6.0,1100.0,0.68,520.0,140.0,55.0,65.0,42.0,11,0.07,0.06,1.5,1,35.0,1.05,140.0,86.0,0.3,125.0,0.035,2464.954686570222,53174.20263914698,51539.67927940008,59582.89562949368,86748.63246409997,91281.9604345038,91668.90078631074,1.683142651971693,0.0006775271517063245,0.00010583029226482587,0.002583254532882706,0.0026698743574510913,0.758565,0.75,0.8067130000000001,0.0,1.0,0.80375,74.02745268372828,57.5989688813017,0.0,0.05,555.6817166331161,4.435911085045985,27.780649999999998,0.24486957602329648,0.9571574563500113,289.18125,1096.14375,1.0,180.0,720.0,46.12499999999999,16.143749999999997,1,0
full_ft,grad_accum_steps,23,compute_top,memory_bottom,1.0,1.0,180.0,80,8192,64,4,4096,4,8,1,full_finetune,64,0.35,1.2,0.65,0.35,0.9,2,1,64.0,192.0,2048.0,768.0,6400.0,4800.0,4800.0,6.0,1100.0,0.68,520.0,140.0,55.0,65.0,42.0,23,0.07,0.06,1.5,1,35.0,1.05,140.0,86.0,0.3,125.0,0.035,2174.809150411208,60268.27686246271,59519.21803590475,64323.25661068312,92380.59188844157,97940.26373132638,98596.61703048658,1.5521136691129465,0.000602770528482284,9.337319231960614e-05,0.002279184127222897,0.0023556080826427237,0.758565,0.75,0.8067130000000001,0.0,1.0,0.80375,73.74377064742748,57.33602614011466,0.0,0.03333333333333333,551.496077628491,3.9434716557970577,28.259513308870535,0.25326407457850153,1.0759495352258324,289.18125,1096.14375,1.0,180.0,720.0,46.12499999999999,16.143749999999997,1,0
full_ft,grad_accum_steps,37,compute_top,memory_bottom,1.0,1.0,180.0,80,8192,64,4,4096,4,8,1,full_finetune,64,0.35,1.2,0.65,0.35,0.9,2,1,64.0,192.0,2048.0,768.0,6400.0,4800.0,4800.0,6.0,1100.0,0.68,520.0,140.0,55.0,65.0,42.0,37,0.07,0.06,1.5,1,35.0,1.05,140.0,86.0,0.3,125.0,0.035,2388.023891170422,54887.223065326536,53745.487543231,60112.494415771565,79371.82041856385,84974.64762498479,85671.09883339875,1.4768090131235654,0.0006526659499229942,0.0001025273477499899,0.002502631620413948,0.0025865480557323225,0.758565,0.75,0.8067130000000001,0.0,1.0,0.80375,73.8566637809363,57.555511954244245,0.0,0.05,558.5678208674783,4.2752622008581245,29.012559868764345,0.26643278450801583,0.993643013233809,289.18125,1096.14375,1.0,180.0,720.0,46.12499999999999,16.143749999999997,1,0
full_ft,grad_accum_steps,11,compute_top,memory_bottom,1.0,1.0,180.0,80,8192,64,4,4096,4,16,1,full_finetune,64,0.35,1.2,0.65,0.35,0.9,2,1,64.0,192.0,2048.0,768.0,6400.0,4800.0,4800.0,6.0,1100.0,0.68,520.0,140.0,55.0,65.0,42.0,11,0.07,0.06,1.5,1,35.0,1.05,140.0,86.0,0.3,125.0,0.035,2465.4759115866077,106325.92221568391,103057.56660370485,119140.59847928521,173460.58595910922,182525.32512276684,183299.0422206523,1.6831426519716934,0.00046621621965439573,5.294929679593739e-05,0.0018826547264169662,0.0019141887130353181,0.7839450000000001,0.75,0.8117890000000002,0.0,1.0,0.80375,74.09803465980586,57.63983959592106,0.0,0.05,557.3607597375639,4.423483118451844,28.034450000000007,0.24491025337771652,0.9571574563500113,289.18125,1096.14375,1.0,180.0,720.0,46.12499999999999,16.143749999999997,1,0
full_ft,grad_accum_steps,23,compute_top,memory_bottom,1.0,1.0,180.0,80,8192,64,4,4096,4,16,1,full_finetune,64,0.35,1.2,0.65,0.35,0.9,2,1,64.0,192.0,2048.0,768.0,6400.0,4800.0,4800.0,6.0,1100.0,0.68,520.0,140.0,55.0,65.0,42.0,23,0.07,0.06,1.5,1,35.0,1.05,140.0,86.0,0.3,125.0,0.035,2175.21827222549,120513.88283521429,119016.04695272344,128622.3169852633,184726.4333191103,195843.6856441552,197156.14534453803,1.5521136691129467,0.00041476543036482086,4.6715637070610935e-05,0.0016610119538983822,0.0016888334805926796,0.7839450000000001,0.75,0.8117890000000002,0.0,1.0,0.80375,73.81383957852461,57.37642131720872,0.0,0.03333333333333333,553.1716680184954,3.932266234851278,28.51331330887054,0.2533002655598891,1.0759495352258324,289.18125,1096.14375,1.0,180.0,720.0,46.12499999999999,16.143749999999997,1,0
full_ft,grad_accum_steps,37,compute_top,memory_bottom,1.0,1.0,180.0,80,8192,64,4,4096,4,16,1,full_finetune,64,0.35,1.2,0.65,0.35,0.9,2,1,64.0,192.0,2048.0,768.0,6400.0,4800.0,4800.0,6.0,1100.0,0.68,520.0,140.0,55.0,65.0,42.0,37,0.07,0.06,1.5,1,35.0,1.05,140.0,86.0,0.3,125.0,0.035,2388.510316140688,109752.0903420537,107469.08433137214,120200.50476872691,158711.3123727069,169914.68473130025,171307.30348072588,1.4768090131235652,0.0004491053829421635,5.129636068847427e-05,0.0018238832570398793,0.0018544328365320214,0.7839450000000001,0.75,0.8117890000000002,0.0,1.0,0.80375,73.92693688166021,57.59630407608917,0.0,0.05,560.2459486212584,4.263324566681313,29.266359868764354,0.2664719699171597,0.993643013233809,289.18125,1096.14375,1.0,180.0,720.0,46.12499999999999,16.143749999999997,1,0
full_ft,grad_accum_steps,11,compute_top,memory_bottom,1.0,1.0,180.0,80,8192,64,4,4096,4,24,1,full_finetune,64,0.35,1.2,0.65,0.35,0.9,2,1,64.0,192.0,2048.0,768.0,6400.0,4800.0,4800.0,6.0,1100.0,0.68,520.0,140.0,55.0,65.0,42.0,11,0.07,0.06,1.5,1,35.0,1.05,140.0,86.0,0.3,125.0,0.035,2465.64082718027,159478.2158314946,154576.01032187347,178698.94455305452,260173.4759443619,273769.6752405741,274930.1732617321,1.683142651971693,0.0003993574413704021,3.531720109473221e-05,0.0016490496750846133,0.001662216491013371,0.792405,0.75,0.8134810000000001,0.0,1.0,0.80375,74.12156198516506,57.65346316746086,0.0,0.05,557.9186207007509,4.419355683241765,28.11905,0.24492312369253616,0.9571574563500113,289.18125,1096.14375,1.0,180.0,720.0,46.12499999999999,16.143749999999997,1,0
full_ft,grad_accum_steps,23,compute_top,memory_bottom,1.0,1.0,180.0,80,8192,64,4,4096,4,24,1,full_finetune,64,0.35,1.2,0.65,0.35,0.9,2,1,64.0,192.0,2048.0,768.0,6400.0,4800.0,4800.0,6.0,1100.0,0.68,520.0,140.0,55.0,65.0,42.0,23,0.07,0.06,1.5,1,35.0,1.05,140.0,86.0,0.3,125.0,0.035,2175.347714390732,180760.06764285557,178513.4475102427,192921.9951399939,277073.1620011242,293748.04820511106,295716.6206105335,1.5521136691129465,0.00035528244479123336,3.11591176756932e-05,0.0014548982163450435,0.0014665148324477149,0.792405,0.75,0.8134810000000001,0.0,1.0,0.80375,73.83719588889029,57.38988637624007,0.0,0.03333333333333333,553.7285920780935,3.9285450408599063,28.597913308870535,0.25331171603461206,1.0759495352258324,289.18125,1096.14375,1.0,180.0,720.0,46.12499999999999,16.143749999999997,1,0
full_ft,grad_accum_steps,37,compute_top,memory_bottom,1.0,1.0,180.0,80,8192,64,4,4096,4,24,1,full_finetune,64,0.35,1.2,0.65,0.35,0.9,2,1,64.0,192.0,2048.0,768.0,6400.0,4800.0,4800.0,6.0,1100.0,0.68,520.0,140.0,55.0,65.0,42.0,37,0.07,0.06,1.5,1,35.0,1.05,140.0,86.0,0.3,125.0,0.035,2388.6642194278775,164617.5284084849,161193.24003594616,180289.14025064633,238051.6297396756,254855.605516025,256944.39904908012,1.4768090131235652,0.00038469947799161266,3.421460808701883e-05,0.0015975668116424277,0.0016103225633099503,0.792405,0.75,0.8134810000000001,0.0,1.0,0.80375,73.95036124856816,57.60990145003749,0.0,0.05,560.8035611853991,4.259359934125304,29.35095986876435,0.26648436805386266,0.993643013233809,289.18125,1096.14375,1.0,180.0,720.0,46.12499999999999,16.143749999999997,1,0
full_ft,grad_accum_steps,11,compute_top,memory_bottom,1.0,1.0,180.0,80,8192,64,4,4096,4,32,1,full_finetune,64,0.35,1.2,0.65,0.35,0.9,2,1,64.0,192.0,2048.0,768.0,6400.0,4800.0,4800.0,6.0,1100.0,0.68,520.0,140.0,55.0,65.0,42.0,11,0.07,0.06,1.5,1,35.0,1.05,140.0,86.0,0.3,125.0,0.035,2465.7189533080955,212630.88370091683,206094.816789461,238257.70998645248,346886.9764886336,365014.66782411974,366561.9494919352,1.683142651971693,0.00036768416328593947,2.6500222013495323e-05,0.0015322327327495142,0.0015362150348588247,0.796635,0.75,0.8143270000000001,0.0,1.0,0.80375,74.13332564784464,57.660274953230754,0.0,0.05,558.196660233704,4.417294349765109,28.16135,0.24492922079856747,0.9571574563500113,289.18125,1096.14375,1.0,180.0,720.0,46.12499999999999,16.143749999999997,1,0
full_ft,grad_accum_steps,23,compute_top,memory_bottom,1.0,1.0,180.0,80,8192,64,4,4096,4,32,1,full_finetune,64,0.35,1.2,0.65,0.35,0.9,2,1,64.0,192.0,2048.0,768.0,6400.0,4800.0,4800.0,6.0,1100.0,0.68,520.0,140.0,55.0,65.0,42.0,23,0.07,0.06,1.5,1,35.0,1.05,140.0,86.0,0.3,125.0,0.035,2175.409034881464,241006.62983068285,238011.22075758723,257222.07606586395,369420.46914011013,391653.024035881,394277.71325621224,1.5521136691129462,0.0003271036372228241,2.3380127048615453e-05,0.0013518300315177552,0.0013553434635642577,0.796635,0.75,0.8143270000000001,0.0,1.0,0.80375,73.84887404407313,57.396618905755744,0.0,0.03333333333333333,554.0062680112486,3.9266866829696125,28.640213308870543,0.253317140455069,1.0759495352258324,289.18125,1096.14375,1.0,180.0,720.0,46.12499999999999,16.143749999999997,1,0
full_ft,grad_accum_steps,37,compute_top,memory_bottom,1.0,1.0,180.0,80,8192,64,4,4096,4,32,1,full_finetune,64,0.35,1.2,0.65,0.35,0.9,2,1,64.0,192.0,2048.0,768.0,6400.0,4800.0,4800.0,6.0,1100.0,0.68,520.0,140.0,55.0,65.0,42.0,37,0.07,0.06,1.5,1,35.0,1.05,140.0,86.0,0.3,125.0,0.035,2388.7371283876614,219483.33860992125,214917.76013456614,240378.18329487572,317392.48524705577,339797.1024282921,342582.07546691125,1.4768090131235654,0.00035418831985026185,2.567286273612977e-05,0.0014843951347898482,0.001488253106069261,0.796635,0.75,0.8143270000000001,0.0,1.0,0.80375,73.96207343202215,57.61670013701165,0.0,0.05,561.0815043178659,4.25737991718648,29.393259868764346,0.2664902414518049,0.993643013233809,289.18125,1096.14375,1.0,180.0,720.0,46.12499999999999,16.143749999999997,1,0
full_ft,activation_checkpoint_ratio,11,compute_top,memory_bottom,1.0,1.0,180.0,80,8192,64,4,4096,4,16,1,full_finetune,64,0.35,1.2,0.0,0.35,0.9,2,1,64.0,192.0,2048.0,768.0,6400.0,4800.0,4800.0,6.0,1100.0,0.68,520.0,140.0,55.0,65.0,42.0,11,0.07,0.06,1.5,1,35.0,1.05,140.0,86.0,0.3,125.0,0.035,2903.3106684456293,90291.40520478516,87515.9350770405,101173.55983813846,147301.80305535247,154999.53113375293,155656.56756046115,1.6831426519716932,0.001003775895096312,6.235236675884221e-05,0.003350817271187687,0.003365274684995487,0.65232,0.75,0.7854640000000002,0.0,1.0,0.80375,73.73198451791421,57.427877113187606,0.0,0.05,548.6733902300435,5.291509885741592,26.718199999999996,0.24480677314019397,0.9571574563500113,317.7,1111.5,1.0,180.0,720.0,90.0,31.499999999999996,1,0
full_ft,activation_checkpoint_ratio,23,compute_top,memory_bottom,1.0,1.0,180.0,80,8192,64,4,4096,4,16,1,full_finetune,64,0.35,1.2,0.0,0.35,0.9,2,1,64.0,192.0,2048.0,768.0,6400.0,4800.0,4800.0,6.0,1100.0,0.68,520.0,140.0,55.0,65.0,42.0,23,0.07,0.06,1.5,1,35.0,1.05,140.0,86.0,0.3,125.0,0.035,2561.660687727204,102333.61555490921,101061.73751266944,109218.84208269439,156859.30421771886,166299.45002244465,167413.91703031573,1.5521136691129465,0.0008930544730103685,5.5014989766282326e-05,0.0029565065043329827,0.0029692626275409323,0.65232,0.75,0.7854640000000002,0.0,1.0,0.80375,73.45045017522844,57.16692505302405,0.0,0.03333333333333333,544.4997985670841,4.704612737173674,27.197063308870533,0.25320819491917984,1.0759495352258324,317.7,1111.5,1.0,180.0,720.0,90.0,31.499999999999996,1,0
full_ft,activation_checkpoint_ratio,37,compute_top,memory_bottom,1.0,1.0,180.0,80,8192,64,4,4096,4,16,1,full_finetune,64,0.35,1.2,0.0,0.35,0.9,2,1,64.0,192.0,2048.0,768.0,6400.0,4800.0,4800.0,6.0,1100.0,0.68,520.0,140.0,55.0,65.0,42.0,37,0.07,0.06,1.5,1,35.0,1.05,140.0,86.0,0.3,125.0,0.035,2812.733067930684,93199.03228245482,91260.35439279077,102071.59325525354,134774.11390812416,144287.7683530347,145470.34919846887,1.4768090131235652,0.0009669550715874233,6.040709516637173e-05,0.003246278342065538,0.003260284712908286,0.65232,0.75,0.7854640000000002,0.0,1.0,0.80375,73.56248861992728,57.384749188861505,0.0,0.05,551.5626881483017,5.099570961504939,27.95010986876435,0.2663722838520955,0.993643013233809,317.7,1111.5,1.0,180.0,720.0,90.0,31.499999999999996,1,0
full_ft,activation_checkpoint_ratio,11,compute_top,memory_bottom,1.0,1.0,180.0,80,8192,64,4,4096,4,16,1,full_finetune,64,0.35,1.2,0.3,0.35,0.9,2,1,64.0,192.0,2048.0,768.0,6400.0,4800.0,4800.0,6.0,1100.0,0.68,520.0,140.0,55.0,65.0,42.0,11,0.07,0.06,1.5,1,35.0,1.05,140.0,86.0,0.3,125.0,0.035,2683.412469484699,97690.5350858491,94687.62288973016,109464.45206729505,159372.776699516,167701.31221426127,168412.19095128437,1.6831426519716928,0.0007192555373798142,5.762976738281284e-05,0.0026133545053842306,0.002636390311323421,0.71307,0.75,0.7976140000000002,0.0,1.0,0.80375,73.90093073724886,57.5257059513723,0.0,0.05,552.6956608115978,4.855135764127914,27.3257,0.24486154330905438,0.9571574563500113,304.53749999999997,1104.4125,1.0,180.0,720.0,69.75,24.412499999999998,1,0
full_ft,activation_checkpoint_ratio,23,compute_top,memory_bottom,1.0,1.0,180.0,80,8192,64,4,4096,4,16,1,full_finetune,64,0.35,1.2,0.3,0.35,0.9,2,1,64.0,192.0,2048.0,768.0,6400.0,4800.0,4800.0,6.0,1100.0,0.68,520.0,140.0,55.0,65.0,42.0,23,0.07,0.06,1.5,1,35.0,1.05,140.0,86.0,0.3,125.0,0.035,2367.5641996374056,110723.07988106407,109346.93135639552,118172.76767623555,169718.86683381652,179932.93004616047,181138.76274217336,1.5521136691129462,0.000639897832586476,5.084651563655453e-05,0.0023057523352334203,0.002326076735627183,0.71307,0.75,0.7976140000000002,0.0,1.0,0.80375,73.61816836136518,57.26361563649392,0.0,0.03333333333333333,548.5134208142939,4.316328661790345,27.804563308870538,0.2532569275724615,1.0759495352258324,304.53749999999997,1104.4125,1.0,180.0,720.0,69.75,24.412499999999998,1,0
full_ft,activation_checkpoint_ratio,37,compute_top,memory_bottom,1.0,1.0,180.0,80,8192,64,4,4096,4,16,1,full_finetune,64,0.35,1.2,0.3,0.35,0.9,2,1,64.0,192.0,2048.0,768.0,6400.0,4800.0,4800.0,6.0,1100.0,0.68,520.0,140.0,55.0,65.0,42.0,37,0.07,0.06,1.5,1,35.0,1.05,140.0,86.0,0.3,125.0,0.035,2599.667864315267,100837.49681963577,98739.92755581735,110437.24068999183,145820.01496959894,156113.39545153754,157392.89899701456,1.4768090131235652,0.0006928642772958308,5.583124323851433e-05,0.002531796286619902,0.0025541131853858293,0.71307,0.75,0.7976140000000002,0.0,1.0,0.80375,73.73069550995791,57.482389906043515,0.0,0.05,555.582666227185,4.67917381578681,28.55760986876435,0.26642504632999664,0.993643013233809,304.53749999999997,1104.4125,1.0,180.0,720.0,69.75,24.412499999999998,1,0
full_ft,activation_checkpoint_ratio,11,compute_top,memory_bottom,1.0,1.0,180.0,80,8192,64,4,4096,4,16,1,full_finetune,64,0.35,1.2,0.6,0.35,0.9,2,1,64.0,192.0,2048.0,768.0,6400.0,4800.0,4800.0,6.0,1100.0,0.68,520.0,140.0,55.0,65.0,42.0,11,0.07,0.06,1.5,1,35.0,1.05,140.0,86.0,0.3,125.0,0.035,2494.4215071952162,105092.10221441709,101861.67303130202,117758.07528735412,171447.72648017918,180407.27721703248,181172.01599983918,1.683142651971693,0.0004979805993271762,5.357094104953268e-05,0.0019796920569304078,0.0020100975787631886,0.77382,0.75,0.8097640000000002,0.0,1.0,0.80375,74.06987695658339,57.62353478955694,0.0,0.05,556.695834141338,4.480761942547453,27.9332,0.2449041387346295,0.9571574563500113,291.375,1097.325,1.0,180.0,720.0,49.50000000000001,17.325000000000003,1,0
full_ft,activation_checkpoint_ratio,23,compute_top,memory_bottom,1.0,1.0,180.0,80,8192,64,4,4096,4,16,1,full_finetune,64,0.35,1.2,0.6,0.35,0.9,2,1,64.0,192.0,2048.0,768.0,6400.0,4800.0,4800.0,6.0,1100.0,0.68,520.0,140.0,55.0,65.0,42.0,23,0.07,0.06,1.5,1,35.0,1.05,140.0,86.0,0.3,125.0,0.035,2200.763934044245,119115.00181587842,117634.55226379869,127129.3162316513,182582.19652862323,193570.4038598566,194867.62900866484,1.5521136691129465,0.0004430259195800447,4.726426333101493e-05,0.0017466313799968916,0.001773457389816147,0.77382,0.75,0.8097640000000002,0.0,1.0,0.80375,73.78588654750183,57.36030621996375,0.0,0.03333333333333333,552.5075428433946,3.983228758685092,28.412063308870536,0.2532948254157152,1.0759495352258324,291.375,1097.325,1.0,180.0,720.0,49.50000000000001,17.325000000000003,1,0
full_ft,activation_checkpoint_ratio,37,compute_top,memory_bottom,1.0,1.0,180.0,80,8192,64,4,4096,4,16,1,full_finetune,64,0.35,1.2,0.6,0.35,0.9,2,1,64.0,192.0,2048.0,768.0,6400.0,4800.0,4800.0,6.0,1100.0,0.68,520.0,140.0,55.0,65.0,42.0,37,0.07,0.06,1.5,1,35.0,1.05,140.0,86.0,0.3,125.0,0.035,2416.555154886948,108478.3848073452,106221.87375801256,118805.54228808958,156869.42055670643,167942.77445883062,169319.23145495067,1.476809013123565,0.0004797045273569576,5.189866001875421e-05,0.0019178936003655608,0.0019473499774494214,0.77382,0.75,0.8097640000000002,0.0,1.0,0.80375,73.89890239998849,57.580030623225525,0.0,0.05,559.5812352465979,4.31850641635975,29.165109868764347,0.2664660795818599,0.993643013233809,291.375,1097.325,1.0,180.0,720.0,49.50000000000001,17.325000000000003,1,0
full_ft,activation_checkpoint_ratio,11,compute_top,memory_bottom,1.0,1.0,180.0,80,8192,64,4,4096,4,16,1,full_finetune,64,0.35,1.2,0.8,0.35,0.9,2,1,64.0,192.0,2048.0,768.0,6400.0,4800.0,4800.0,6.0,1100.0,0.68,520.0,140.0,55.0,65.0,42.0,11,0.07,0.06,1.5,1,35.0,1.05,140.0,86.0,0.3,125.0,0.035,2382.5258201909014,110027.76875635101,106645.62197601199,123288.60117837203,179499.7949938755,188880.1323918655,189680.7872477556,1.6831426519716932,0.0003787092224840908,5.116783586666191e-05,0.001604594930857481,0.0016393623377727695,0.81432,0.75,0.8178640000000001,0.0,1.0,0.80375,74.18250776947313,57.688754015013394,0.0,0.05,559.352842293922,4.259432758793349,28.3382,0.24492709847467184,0.9571574563500113,282.59999999999997,1092.6,1.0,180.0,720.0,35.99999999999999,12.599999999999996,1,0
full_ft,activation_checkpoint_ratio,23,compute_top,memory_bottom,1.0,1.0,180.0,80,8192,64,4,4096,4,16,1,full_finetune,64,0.35,1.2,0.8,0.35,0.9,2,1,64.0,192.0,2048.0,768.0,6400.0,4800.0,4800.0,6.0,1100.0,0.68,520.0,140.0,55.0,65.0,42.0,23,0.07,0.06,1.5,1,35.0,1.05,140.0,86.0,0.3,125.0,0.035,2102.01327296962,124710.91565927933,123160.91594125368,133101.73523645842,191159.7411328904,202664.16439479266,204022.33199465708,1.5521136691129462,0.00033691225909002935,4.5143464649728915e-05,0.0014156739934646089,0.0014463479740709623,0.81432,0.75,0.8178640000000001,0.0,1.0,0.80375,73.89769867159298,57.424766608943656,0.0,0.03333333333333333,555.1616662391135,3.7863083869055587,28.817063308870537,0.25331525229535956,1.0759495352258324,282.59999999999997,1092.6,1.0,180.0,720.0,35.99999999999999,12.599999999999996,1,0
full_ft,activation_checkpoint_ratio,37,compute_top,memory_bottom,1.0,1.0,180.0,80,8192,64,4,4096,4,16,1,full_finetune,64,0.35,1.2,0.8,0.35,0.9,2,1,64.0,192.0,2048.0,768.0,6400.0,4800.0,4800.0,6.0,1100.0,0.68,520.0,140.0,55.0,65.0,42.0,37,0.07,0.06,1.5,1,35.0,1.05,140.0,86.0,0.3,125.0,0.035,2308.142209920229,113573.59129490548,111211.0924051544,124385.81314941794,164237.5436232497,175831.01058514483,177272.11947139888,1.4768090131235652,0.00036480883948048203,4.9570351243727356e-05,0.001554498699803987,0.0015881806514330442,0.81432,0.75,0.8178640000000001,0.0,1.0,0.80375,74.01104032667548,57.645124434680184,0.0,0.05,562.2374785242873,4.10527988276136,29.570109868764348,0.2664881970017761,0.993643013233809,282.59999999999997,1092.6,1.0,180.0,720.0,35.99999999999999,12.599999999999996,1,0
full_ft,activation_offload_ratio,11,compute_top,memory_bottom,1.0,1.0,180.0,80,8192,64,4,4096,4,16,1,full_finetune,64,0.35,1.2,0.65,0.0,0.9,2,1,64.0,192.0,2048.0,768.0,6400.0,4800.0,4800.0,6.0,1100.0,0.68,520.0,140.0,55.0,65.0,42.0,11,0.07,0.06,1.5,1,35.0,1.05,140.0,86.0,0.3,125.0,0.035,2466.236216511087,106293.14347303176,103025.79544777538,119103.86915744538,173407.11057146185,182469.05520725588,183242.53377936035,1.6831426519716932,0.00015797939834908664,5.296562533150024e-05,0.000870705268242268,0.0009224995799772495,0.7839450000000001,0.75,0.8817890000000002,0.0,1.0,0.80375,75.0700908517072,58.201539548927286,0.0,0.05,557.4195601188685,4.424380472018542,28.734450000000006,0.2449695889658178,0.9571574563500113,305.325,1080.0,1.0,180.0,720.0,46.12499999999999,0.0,1,0
full_ft,activation_offload_ratio,23,compute_top,memory_bottom,1.0,1.0,180.0,80,8192,64,4,4096,4,16,1,full_finetune,64,0.35,1.2,0.65,0.0,0.9,2,1,64.0,192.0,2048.0,768.0,6400.0,4800.0,4800.0,6.0,1100.0,0.68,520.0,140.0,55.0,65.0,42.0,23,0.07,0.06,1.5,1,35.0,1.05,140.0,86.0,0.3,125.0,0.035,2175.8150192689463,120480.83025370326,118983.40517319996,128587.04055472868,184675.76956692775,195789.9728333911,197102.07257374105,1.5521136691129467,0.00014054029120142127,4.672845298828735e-05,0.0007681719971974983,0.0008138670691582437,0.7839450000000001,0.75,0.8817890000000002,0.0,1.0,0.80375,74.78011719412689,57.933486407158426,0.0,0.03333333333333333,553.2235459001699,3.932976163783122,29.21331330887054,0.25335305389917806,1.0759495352258324,305.325,1080.0,1.0,180.0,720.0,46.12499999999999,0.0,1,0
full_ft,activation_offload_ratio,37,compute_top,memory_bottom,1.0,1.0,180.0,80,8192,64,4,4096,4,16,1,full_finetune,64,0.35,1.2,0.65,0.0,0.9,2,1,64.0,192.0,2048.0,768.0,6400.0,4800.0,4800.0,6.0,1100.0,0.68,520.0,140.0,55.0,65.0,42.0,37,0.07,0.06,1.5,1,35.0,1.05,140.0,86.0,0.3,125.0,0.035,2389.219845103105,109719.49715606325,107437.16913191744,120164.80870684906,158664.17971849654,169864.2250006045,171256.43018267327,1.476809013123565,0.00015217959436649334,5.1311598744315653e-05,0.0008435146204539962,0.0008936914837374886,0.7839450000000001,0.75,0.8817890000000002,0.0,1.0,0.80375,74.89603007525201,58.15884318742588,0.0,0.05,560.3029134117321,4.264157454679188,29.966359868764354,0.26652912813146057,0.993643013233809,305.325,1080.0,1.0,180.0,720.0,46.12499999999999,0.0,1,0
full_ft,activation_offload_ratio,11,compute_top,memory_bottom,1.0,1.0,180.0,80,8192,64,4,4096,4,16,1,full_finetune,64,0.35,1.2,0.65,0.2,0.9,2,1,64.0,192.0,2048.0,768.0,6400.0,4800.0,4800.0,6.0,1100.0,0.68,520.0,140.0,55.0,65.0,42.0,11,0.07,0.06,1.5,1,35.0,1.05,140.0,86.0,0.3,125.0,0.035,2465.844885381776,106310.01226154313,103042.14570610662,119122.77101615474,173434.6303886299,182498.01316071916,183271.61448435797,1.6831426519716932,0.0003166297759713372,5.295722098732716e-05,0.0014490638908121588,0.0014892800484193566,0.7839450000000001,0.75,0.8417890000000001,0.0,1.0,0.80375,74.51518581865673,57.88139228279679,0.0,0.05,557.3948251060585,4.423874737108631,28.334450000000004,0.24493904876812553,0.9571574563500113,296.09999999999997,1089.225,1.0,180.0,720.0,46.12499999999999,9.225,1,0
full_ft,activation_offload_ratio,23,compute_top,memory_bottom,1.0,1.0,180.0,80,8192,64,4,4096,4,16,1,full_finetune,64,0.35,1.2,0.65,0.2,0.9,2,1,64.0,192.0,2048.0,768.0,6400.0,4800.0,4800.0,6.0,1100.0,0.68,520.0,140.0,55.0,65.0,42.0,23,0.07,0.06,1.5,1,35.0,1.05,140.0,86.0,0.3,125.0,0.035,2175.507876923669,120497.83996677192,119000.20347694395,128605.19471800578,184701.84244378668,195817.61483463398,197129.89981972412,1.5521136691129465,0.00028168242722084405,4.672185670757648e-05,0.0012784461534122132,0.0013139271231085356,0.7839450000000001,0.75,0.8417890000000001,0.0,1.0,0.80375,74.22795855663986,57.61516349861574,0.0,0.03333333333333333,553.2017232715564,3.9325761027243815,28.813313308870534,0.2533258840379944,1.0759495352258324,296.09999999999997,1089.225,1.0,180.0,720.0,46.12499999999999,9.225,1,0
full_ft,activation_offload_ratio,37,compute_top,memory_bottom,1.0,1.0,180.0,80,8192,64,4,4096,4,16,1,full_finetune,64,0.35,1.2,0.65,0.2,0.9,2,1,64.0,192.0,2048.0,768.0,6400.0,4800.0,4800.0,6.0,1100.0,0.68,520.0,140.0,55.0,65.0,42.0,37,0.07,0.06,1.5,1,35.0,1.05,140.0,86.0,0.3,125.0,0.035,2388.854650513239,109736.27045231867,107453.59351877122,120183.17882326555,158688.43540103722,169890.19288273103,171282.61089725504,1.476809013123565,0.0003050073115185712,5.1303755716267315e-05,0.001403820262571581,0.0014427807647894053,0.7839450000000001,0.75,0.8417890000000001,0.0,1.0,0.80375,74.3422625360567,57.83739226666205,0.0,0.05,560.2789506915125,4.263688021056021,29.56635986876435,0.2664997087959088,0.993643013233809,296.09999999999997,1089.225,1.0,180.0,720.0,46.12499999999999,9.225,1,0
full_ft,activation_offload_ratio,11,compute_top,memory_bottom,1.0,1.0,180.0,80,8192,64,4,4096,4,16,1,full_finetune,64,0.35,1.2,0.65,0.4,0.9,2,1,64.0,192.0,2048.0,768.0,6400.0,4800.0,4800.0,6.0,1100.0,0.68,520.0,140.0,55.0,65.0,42.0,11,0.07,0.06,1.5,1,35.0,1.05,140.0,86.0,0.3,125.0,0.035,2465.338555021418,106331.84617425602,103063.30846554233,119147.23640872838,173470.25033166952,182535.4945381065,183309.2547437115,1.6831426519716928,0.0005219022341419302,5.294634688533274e-05,0.0020271443387407935,0.0020557846785628124,0.7839450000000001,0.75,0.8017890000000001,0.0,1.0,0.80375,73.95898427352219,57.55932203362913,0.0,0.05,557.3464511521826,4.423350233817603,27.934450000000005,0.24489953381992766,0.9571574563500113,286.87499999999994,1098.45,1.0,180.0,720.0,46.12499999999999,18.45,1,0
full_ft,activation_offload_ratio,23,compute_top,memory_bottom,1.0,1.0,180.0,80,8192,64,4,4096,4,16,1,full_finetune,64,0.35,1.2,0.65,0.4,0.9,2,1,64.0,192.0,2048.0,768.0,6400.0,4800.0,4800.0,6.0,1100.0,0.68,520.0,140.0,55.0,65.0,42.0,23,0.07,0.06,1.5,1,35.0,1.05,140.0,86.0,0.3,125.0,0.035,2175.1104596689147,120519.85628348382,119021.94615854928,128628.69234002527,184735.58955710946,195853.3929251554,197165.91767953816,1.5521136691129462,0.0004643088904536099,4.671332165595625e-05,0.001788501966787851,0.0018137706677492104,0.7839450000000001,0.75,0.8017890000000001,0.0,1.0,0.80375,73.67579991915282,57.29684059007304,0.0,0.03333333333333333,553.1590435695352,3.9321610754710385,28.413313308870542,0.25329072844382206,1.0759495352258324,286.87499999999994,1098.45,1.0,180.0,720.0,46.12499999999999,18.45,1,0
full_ft,activation_offload_ratio,37,compute_top,memory_bottom,1.0,1.0,180.0,80,8192,64,4,4096,4,16,1,full_finetune,64,0.35,1.2,0.65,0.4,0.9,2,1,64.0,192.0,2048.0,768.0,6400.0,4800.0,4800.0,6.0,1100.0,0.68,520.0,140.0,55.0,65.0,42.0,37,0.07,0.06,1.5,1,35.0,1.05,140.0,86.0,0.3,125.0,0.035,2388.3821310397398,109757.98076578318,107474.85222556491,120206.95596162336,158719.83045083756,169923.80409738986,171316.49758903228,1.4768090131235654,0.0005027486648921088,5.1293607746974e-05,0.0019638663038086543,0.001991612625188527,0.7839450000000001,0.75,0.8017890000000001,0.0,1.0,0.80375,73.78849499686137,57.51594134589823,0.0,0.05,560.2320865669047,4.26320124874624,29.166359868764346,0.2664616435853843,0.993643013233809,286.87499999999994,1098.45,1.0,180.0,720.0,46.12499999999999,18.45,1,0
full_ft,activation_offload_ratio,11,compute_top,memory_bottom,1.0,1.0,180.0,80,8192,64,4,4096,4,16,1,full_finetune,64,0.35,1.2,0.65,0.6,0.9,2,1,64.0,192.0,2048.0,768.0,6400.0,4800.0,4800.0,6.0,1100.0,0.68,520.0,140.0,55.0,65.0,42.0,11,0.07,0.06,1.5,1,35.0,1.05,140.0,86.0,0.3,125.0,0.035,2464.717367163944,106358.64521117044,103089.28372608245,119177.26533516626,173513.97040058076,182581.4993394179,183355.45455742098,1.6831426519716937,0.0007737393122092248,5.293300606943717e-05,0.002604865824023325,0.002621934302140256,0.7839450000000001,0.75,0.7617890000000002,0.0,1.0,0.80375,73.4027827283877,57.237251784461506,0.0,0.05,557.2744595901544,4.422806975536995,27.534450000000007,0.2448510551823997,0.9571574563500113,277.65,1107.675,1.0,180.0,720.0,46.12499999999999,27.674999999999994,1,0
full_ft,activation_offload_ratio,23,compute_top,memory_bottom,1.0,1.0,180.0,80,8192,64,4,4096,4,16,1,full_finetune,64,0.35,1.2,0.65,0.6,0.9,2,1,64.0,192.0,2048.0,768.0,6400.0,4800.0,4800.0,6.0,1100.0,0.68,520.0,140.0,55.0,65.0,42.0,23,0.07,0.06,1.5,1,35.0,1.05,140.0,86.0,0.3,125.0,0.035,2174.6228664843916,120546.87920383898,119048.63321801601,128657.53342078724,184777.0109068962,195897.30710495543,197210.12615318314,1.5521136691129462,0.0006883741964272521,4.670284995914443e-05,0.0022982760053997056,0.0023133355425716605,0.7839450000000001,0.75,0.7617890000000002,0.0,1.0,0.80375,73.12364128166584,56.978517681530356,0.0,0.03333333333333333,553.0955235396984,3.9317310915251116,28.01331330887054,0.2532475958724222,1.0759495352258324,277.65,1107.675,1.0,180.0,720.0,46.12499999999999,27.674999999999994,1,0
full_ft,activation_offload_ratio,37,compute_top,memory_bottom,1.0,1.0,180.0,80,8192,64,4,4096,4,16,1,full_finetune,64,0.35,1.2,0.65,0.6,0.9,2,1,64.0,192.0,2048.0,768.0,6400.0,4800.0,4800.0,6.0,1100.0,0.68,520.0,140.0,55.0,65.0,42.0,37,0.07,0.06,1.5,1,35.0,1.05,140.0,86.0,0.3,125.0,0.035,2387.802414101911,109784.6280964568,107500.94525229857,120236.14012192248,158758.36486789747,169965.05864458097,171358.09025800496,1.4768090131235654,0.0007453503316780865,5.1281157572930736e-05,0.002523577342326867,0.002540113174708959,0.7839450000000001,0.75,0.7617890000000002,0.0,1.0,0.80375,73.23472745766612,57.19449042513443,0.0,0.05,560.1623409468616,4.262697149661519,28.766359868764347,0.26641494276452804,0.993643013233809,277.65,1107.675,1.0,180.0,720.0,46.12499999999999,27.674999999999994,1,0
full_ft,prefetch_accuracy,11,compute_top,memory_bottom,1.0,1.0,180.0,80,8192,64,4,4096,4,16,1,full_finetune,64,0.35,1.2,0.65,0.35,0.6,2,1,64.0,192.0,2048.0,768.0,6400.0,4800.0,4800.0,6.0,1100.0,0.68,520.0,140.0,55.0,65.0,42.0,11,0.07,0.06,1.5,1,35.0,1.05,140.0,86.0,0.3,125.0,0.035,2463.9800517673957,106390.47171342395,103120.13191255856,119212.9276501217,173565.89229897465,182636.13458311278,183410.3213975925,1.6831426519716932,0.0010726559005593676,5.291717126384018e-05,0.0018899718815198101,0.0019213175476741648,0.48070500000000005,0.75,0.5861410000000001,0.0,1.0,0.80375,70.96039050339301,55.822976906316526,0.0,0.05,537.3437262672009,4.585482124978139,23.352050000000006,0.24479351373914227,0.9571574563500113,289.18125,1096.14375,1.0,180.0,720.0,46.12499999999999,16.143749999999997,1,0
full_ft,prefetch_accuracy,23,compute_top,memory_bottom,1.0,1.0,180.0,80,8192,64,4,4096,4,16,1,full_finetune,64,0.35,1.2,0.65,0.35,0.6,2,1,64.0,192.0,2048.0,768.0,6400.0,4800.0,4800.0,6.0,1100.0,0.68,520.0,140.0,55.0,65.0,42.0,23,0.07,0.06,1.5,1,35.0,1.05,140.0,86.0,0.3,125.0,0.035,2174.044085330487,120578.97158978274,119080.3267359946,128691.78505172438,184826.20284937305,195949.4595291947,197262.6280804195,1.5521136691129462,0.0009543434110470692,4.669041988227612e-05,0.0016675793245614153,0.0016952365533830275,0.48070500000000005,0.75,0.5861410000000001,0.0,1.0,0.80375,70.69900227273281,55.580698125537666,0.0,0.03333333333333333,533.1906890273372,4.077423199749503,23.830913308870542,0.25319639679860784,1.0759495352258324,289.18125,1096.14375,1.0,180.0,720.0,46.12499999999999,16.143749999999997,1,0
full_ft,prefetch_accuracy,37,compute_top,memory_bottom,1.0,1.0,180.0,80,8192,64,4,4096,4,16,1,full_finetune,64,0.35,1.2,0.65,0.35,0.6,2,1,64.0,192.0,2048.0,768.0,6400.0,4800.0,4800.0,6.0,1100.0,0.68,520.0,140.0,55.0,65.0,42.0,37,0.07,0.06,1.5,1,35.0,1.05,140.0,86.0,0.3,125.0,0.035,2387.114308462181,109816.27443257108,107531.93329775671,120270.79919368289,158804.12829272912,170014.05249250677,171407.48565892977,1.4768090131235652,0.0010333108245155723,5.126637961076376e-05,0.0018310127623521156,0.0018613805764631378,0.48070500000000005,0.75,0.5861410000000001,0.0,1.0,0.80375,70.80302343955167,55.782935141876344,0.0,0.05,540.2384733079034,4.418630709223239,24.583959868764353,0.2663595103696568,0.993643013233809,289.18125,1096.14375,1.0,180.0,720.0,46.12499999999999,16.143749999999997,1,0
full_ft,prefetch_accuracy,11,compute_top,memory_bottom,1.0,1.0,180.0,80,8192,64,4,4096,4,16,1,full_finetune,64,0.35,1.2,0.65,0.35,0.75,2,1,64.0,192.0,2048.0,768.0,6400.0,4800.0,4800.0,6.0,1100.0,0.68,520.0,140.0,55.0,65.0,42.0,11,0.07,0.06,1.5,1,35.0,1.05,140.0,86.0,0.3,125.0,0.035,2464.736280356409,106357.82906643997,103088.49266884857,119176.35082655339,173512.6389384102,182580.098297422,183354.04757646756,1.683142651971693,0.0007660716750040512,5.2933412254805484e-05,0.0018863209390506915,0.0019177608456159572,0.632325,0.75,0.6989650000000002,0.0,1.0,0.80375,72.52921258159947,56.731408251118815,0.0,0.05,547.3539476610938,4.50300265648674,25.693250000000003,0.2448525312025617,0.9571574563500113,289.18125,1096.14375,1.0,180.0,720.0,46.12499999999999,16.143749999999997,1,0
full_ft,prefetch_accuracy,23,compute_top,memory_bottom,1.0,1.0,180.0,80,8192,64,4,4096,4,16,1,full_finetune,64,0.35,1.2,0.65,0.35,0.75,2,1,64.0,192.0,2048.0,768.0,6400.0,4800.0,4800.0,6.0,1100.0,0.68,520.0,140.0,55.0,65.0,42.0,23,0.07,0.06,1.5,1,35.0,1.05,140.0,86.0,0.3,125.0,0.035,2174.6377125446493,120546.05624090487,119047.82048347537,128656.6550871307,184775.74945050635,195895.96973128218,197208.77981700984,1.5521136691129465,0.0006815519373398409,4.670316879756712e-05,0.0016643016474886712,0.0016920410884343855,0.632325,0.75,0.6989650000000002,0.0,1.0,0.80375,72.25642092562869,56.4785597213732,0.0,0.03333333333333333,543.1826871395008,4.003510723062049,26.172113308870536,0.2532489091572964,1.0759495352258324,289.18125,1096.14375,1.0,180.0,720.0,46.12499999999999,16.143749999999997,1,0
full_ft,prefetch_accuracy,37,compute_top,memory_bottom,1.0,1.0,180.0,80,8192,64,4,4096,4,16,1,full_finetune,64,0.35,1.2,0.65,0.35,0.75,2,1,64.0,192.0,2048.0,768.0,6400.0,4800.0,4800.0,6.0,1100.0,0.68,520.0,140.0,55.0,65.0,42.0,37,0.07,0.06,1.5,1,35.0,1.05,140.0,86.0,0.3,125.0,0.035,2387.8200647951608,109783.816571827,107500.15060858286,120235.25134003388,158757.19133089588,169963.80226804002,171356.82358421673,1.4768090131235652,0.0007379638171174626,5.128153664448895e-05,0.0018274551410657083,0.0018579139127931931,0.632325,0.75,0.6989650000000002,0.0,1.0,0.80375,72.364980160606,56.68961960898277,0.0,0.05,550.2438641046443,4.339566909447717,26.92515986876435,0.266416364668581,0.993643013233809,289.18125,1096.14375,1.0,180.0,720.0,46.12499999999999,16.143749999999997,1,0
full_ft,prefetch_accuracy,11,compute_top,memory_bottom,1.0,1.0,180.0,80,8192,64,4,4096,4,16,1,full_finetune,64,0.35,1.2,0.65,0.35,0.9,2,1,64.0,192.0,2048.0,768.0,6400.0,4800.0,4800.0,6.0,1100.0,0.68,520.0,140.0,55.0,65.0,42.0,11,0.07,0.06,1.5,1,35.0,1.05,140.0,86.0,0.3,125.0,0.035,2465.4759115866077,106325.92221568391,103057.56660370485,119140.59847928521,173460.58595910922,182525.32512276684,183299.0422206523,1.6831426519716934,0.00046621621965439573,5.294929679593739e-05,0.0018826547264169662,0.0019141887130353181,0.7839450000000001,0.75,0.8117890000000002,0.0,1.0,0.80375,74.09803465980586,57.63983959592106,0.0,0.05,557.3607597375639,4.423483118451844,28.034450000000007,0.24491025337771652,0.9571574563500113,289.18125,1096.14375,1.0,180.0,720.0,46.12499999999999,16.143749999999997,1,0
full_ft,prefetch_accuracy,23,compute_top,memory_bottom,1.0,1.0,180.0,80,8192,64,4,4096,4,16,1,full_finetune,64,0.35,1.2,0.65,0.35,0.9,2,1,64.0,192.0,2048.0,768.0,6400.0,4800.0,4800.0,6.0,1100.0,0.68,520.0,140.0,55.0,65.0,42.0,23,0.07,0.06,1.5,1,35.0,1.05,140.0,86.0,0.3,125.0,0.035,2175.21827222549,120513.88283521429,119016.04695272344,128622.3169852633,184726.4333191103,195843.6856441552,197156.14534453803,1.5521136691129467,0.00041476543036482086,4.6715637070610935e-05,0.0016610119538983822,0.0016888334805926796,0.7839450000000001,0.75,0.8117890000000002,0.0,1.0,0.80375,73.81383957852461,57.37642131720872,0.0,0.03333333333333333,553.1716680184954,3.932266234851278,28.51331330887054,0.2533002655598891,1.0759495352258324,289.18125,1096.14375,1.0,180.0,720.0,46.12499999999999,16.143749999999997,1,0
full_ft,prefetch_accuracy,37,compute_top,memory_bottom,1.0,1.0,180.0,80,8192,64,4,4096,4,16,1,full_finetune,64,0.35,1.2,0.65,0.35,0.9,2,1,64.0,192.0,2048.0,768.0,6400.0,4800.0,4800.0,6.0,1100.0,0.68,520.0,140.0,55.0,65.0,42.0,37,0.07,0.06,1.5,1,35.0,1.05,140.0,86.0,0.3,125.0,0.035,2388.510316140688,109752.0903420537,107469.08433137214,120200.50476872691,158711.3123727069,169914.68473130025,171307.30348072588,1.4768090131235652,0.0004491053829421635,5.129636068847427e-05,0.0018238832570398793,0.0018544328365320214,0.7839450000000001,0.75,0.8117890000000002,0.0,1.0,0.80375,73.92693688166021,57.59630407608917,0.0,0.05,560.2459486212584,4.263324566681313,29.266359868764354,0.2664719699171597,0.993643013233809,289.18125,1096.14375,1.0,180.0,720.0,46.12499999999999,16.143749999999997,1,0
full_ft,prefetch_accuracy,11,compute_top,memory_bottom,1.0,1.0,180.0,80,8192,64,4,4096,4,16,1,full_finetune,64,0.35,1.2,0.65,0.35,0.97,2,1,64.0,192.0,2048.0,768.0,6400.0,4800.0,4800.0,6.0,1100.0,0.68,520.0,140.0,55.0,65.0,42.0,11,0.07,0.06,1.5,1,35.0,1.05,140.0,86.0,0.3,125.0,0.035,2465.820126808298,106311.07968905797,103043.18032193606,119123.96709280569,173436.37179466084,182499.8455695065,183273.45466064828,1.683142651971693,0.0003266672014081608,5.295668926481098e-05,0.0018809422365464068,0.0019125201324548316,0.854701,0.75,0.8644402,0.0,1.0,0.80375,74.83015162963552,58.06377422349545,0.0,0.05,562.0304109791367,4.387342888639227,29.12701,0.24493711656372888,0.9571574563500113,289.18125,1096.14375,1.0,180.0,720.0,46.12499999999999,16.143749999999997,1,0
full_ft,prefetch_accuracy,23,compute_top,memory_bottom,1.0,1.0,180.0,80,8192,64,4,4096,4,16,1,full_finetune,64,0.35,1.2,0.65,0.35,0.97,2,1,64.0,192.0,2048.0,768.0,6400.0,4800.0,4800.0,6.0,1100.0,0.68,520.0,140.0,55.0,65.0,42.0,23,0.07,0.06,1.5,1,35.0,1.05,140.0,86.0,0.3,125.0,0.035,2175.4884444088957,120498.91631174693,119001.26644430563,128606.34348179384,184703.49228995858,195819.36397226006,197131.6606793143,1.5521136691129467,0.0002906123148951902,4.6721439369087224e-05,0.0016594755050133695,0.0016873353423553761,0.854701,0.75,0.8644402,0.0,1.0,0.80375,74.54063494987597,57.79542339526529,0.0,0.03333333333333333,557.8330178943164,3.899891857640184,29.60587330887053,0.253324165034617,1.0759495352258324,289.18125,1096.14375,1.0,180.0,720.0,46.12499999999999,16.143749999999997,1,0
full_ft,prefetch_accuracy,37,compute_top,memory_bottom,1.0,1.0,180.0,80,8192,64,4,4096,4,16,1,full_finetune,64,0.35,1.2,0.65,0.35,0.97,2,1,64.0,192.0,2048.0,768.0,6400.0,4800.0,4800.0,6.0,1100.0,0.68,520.0,140.0,55.0,65.0,42.0,37,0.07,0.06,1.5,1,35.0,1.05,140.0,86.0,0.3,125.0,0.035,2388.831545392247,109737.33183725011,107454.63282532427,120184.34125219163,158689.9702583222,169891.8360850194,171284.26756720996,1.4768090131235654,0.0003146764112086416,5.130325950379038e-05,0.0018222148894285605,0.0018528068507249421,0.854701,0.75,0.8644402,0.0,1.0,0.80375,74.65585001815225,58.01942349407218,0.0,0.05,564.9133986316741,4.228668590935254,30.358919868764346,0.26649784749421834,0.993643013233809,289.18125,1096.14375,1.0,180.0,720.0,46.12499999999999,16.143749999999997,1,0
full_ft,sram_capacity_mb,11,compute_top,memory_bottom,1.0,1.0,180.0,80,8192,64,4,4096,4,16,1,full_finetune,64,0.35,1.2,0.65,0.35,0.9,2,1,64.0,192.0,2048.0,256.0,6400.0,4800.0,4800.0,6.0,1100.0,0.68,520.0,140.0,55.0,65.0,42.0,11,0.07,0.06,1.5,1,35.0,1.05,140.0,86.0,0.3,125.0,0.035,2464.590254397455,106364.13072407008,103094.6006196417,119183.4119763259,173522.9194909063,182590.9160931559,183364.91122837792,1.6831426519716932,0.0008252723666829981,5.2930276157711915e-05,0.0018819784323654573,0.0019135010912308917,0.3268350000000001,0.75,0.7203670000000002,0.0,1.0,0.80375,72.82680821832368,56.90373193793597,0.0,0.05,527.466697337783,4.672504002312704,23.463350000000005,0.2448411350694135,0.9571574563500113,289.18125,1096.14375,1.0,180.0,720.0,46.12499999999999,16.143749999999997,1,0
full_ft,sram_capacity_mb,23,compute_top,memory_bottom,1.0,1.0,180.0,80,8192,64,4,4096,4,16,1,full_finetune,64,0.35,1.2,0.65,0.35,0.9,2,1,64.0,192.0,2048.0,256.0,6400.0,4800.0,4800.0,6.0,1100.0,0.68,520.0,140.0,55.0,65.0,42.0,23,0.07,0.06,1.5,1,35.0,1.05,140.0,86.0,0.3,125.0,0.035,2174.52308765913,120552.41054359074,119054.09581017651,128663.43692101617,184785.4894708573,195906.29592796945,197219.17521540233,1.5521136691129462,0.0007342258894402247,4.6700707079302095e-05,0.001660481106079736,0.0016882937412084295,0.3268350000000001,0.75,0.7203670000000002,0.0,1.0,0.80375,72.55185340461617,56.64887839358898,0.0,0.03333333333333333,523.2990135346947,4.155412166690352,23.94221330887054,0.25323876942151713,1.0759495352258324,289.18125,1096.14375,1.0,180.0,720.0,46.12499999999999,16.143749999999997,1,0
full_ft,sram_capacity_mb,37,compute_top,memory_bottom,1.0,1.0,180.0,80,8192,64,4,4096,4,16,1,full_finetune,64,0.35,1.2,0.65,0.35,0.9,2,1,64.0,192.0,2048.0,256.0,6400.0,4800.0,4800.0,6.0,1100.0,0.68,520.0,140.0,55.0,65.0,42.0,37,0.07,0.06,1.5,1,35.0,1.05,140.0,86.0,0.3,125.0,0.035,2387.6837861478657,109790.0825565039,107506.2862514992,120242.11384733273,158766.25250365605,169973.5030656065,171366.6038894055,1.4768090131235654,0.0007949941103928682,5.1278609883570844e-05,0.001823252112930866,0.0018537911209201149,0.3268350000000001,0.75,0.7203670000000002,0.0,1.0,0.80375,72.6612734824524,56.86161192413746,0.0,0.05,530.357561967199,4.502026476800828,24.69525986876435,0.2664053863371254,0.993643013233809,289.18125,1096.14375,1.0,180.0,720.0,46.12499999999999,16.143749999999997,1,0
full_ft,sram_capacity_mb,11,compute_top,memory_bottom,1.0,1.0,180.0,80,8192,64,4,4096,4,16,1,full_finetune,64,0.35,1.2,0.65,0.35,0.9,2,1,64.0,192.0,2048.0,512.0,6400.0,4800.0,4800.0,6.0,1100.0,0.68,520.0,140.0,55.0,65.0,42.0,11,0.07,0.06,1.5,1,35.0,1.05,140.0,86.0,0.3,125.0,0.035,2465.254437620309,106335.47434278045,103066.82510768906,119151.30185354537,173476.16934205845,182541.72286536408,183315.50947258368,1.6831426519716932,0.0005560044469507744,5.294454035491154e-05,0.0018824856073404131,0.0019140167612573564,0.6696675000000001,0.75,0.7889335000000002,0.0,1.0,0.80375,73.78022804943534,57.4558126814248,0.0,0.05,549.8872318817107,4.483199999360275,26.891675,0.24489296914396194,0.9571574563500113,289.18125,1096.14375,1.0,180.0,720.0,46.12499999999999,16.143749999999997,1,0
full_ft,sram_capacity_mb,23,compute_top,memory_bottom,1.0,1.0,180.0,80,8192,64,4,4096,4,16,1,full_finetune,64,0.35,1.2,0.65,0.35,0.9,2,1,64.0,192.0,2048.0,512.0,6400.0,4800.0,4800.0,6.0,1100.0,0.68,520.0,140.0,55.0,65.0,42.0,23,0.07,0.06,1.5,1,35.0,1.05,140.0,86.0,0.3,125.0,0.035,2175.0444344158877,120523.5147623084,119025.5591670867,128632.5969692015,184741.19735704703,195859.33821510873,197171.9028122541,1.5521136691129465,0.0004946496929729379,4.671190367790905e-05,0.0016608792101257335,0.0016886985133956866,0.6696675000000001,0.75,0.7889335000000002,0.0,1.0,0.80375,73.49834303504751,57.1945355863038,0.0,0.03333333333333333,545.7034947772183,3.9857623329017575,27.370538308870536,0.25328488783933706,1.0759495352258324,289.18125,1096.14375,1.0,180.0,720.0,46.12499999999999,16.143749999999997,1,0
full_ft,sram_capacity_mb,37,compute_top,memory_bottom,1.0,1.0,180.0,80,8192,64,4,4096,4,16,1,full_finetune,64,0.35,1.2,0.65,0.35,0.9,2,1,64.0,192.0,2048.0,512.0,6400.0,4800.0,4800.0,6.0,1100.0,0.68,520.0,140.0,55.0,65.0,42.0,37,0.07,0.06,1.5,1,35.0,1.05,140.0,86.0,0.3,125.0,0.035,2388.303630000587,109761.58839566626,107478.3848114039,120210.90703837837,158725.04740544414,169929.3893148768,171322.1285828958,1.476809013123565,0.000535600013024604,5.1291921835219054e-05,0.001823725430051298,0.0018542723659816247,0.6696675000000001,0.75,0.7889335000000002,0.0,1.0,0.80375,73.61052103185824,57.41263103810125,0.0,0.05,552.7738405199638,4.320580054501208,28.123584868764354,0.2664553197008689,0.993643013233809,289.18125,1096.14375,1.0,180.0,720.0,46.12499999999999,16.143749999999997,1,0
full_ft,sram_capacity_mb,11,compute_top,memory_bottom,1.0,1.0,180.0,80,8192,64,4,4096,4,16,1,full_finetune,64,0.35,1.2,0.65,0.35,0.9,2,1,64.0,192.0,2048.0,768.0,6400.0,4800.0,4800.0,6.0,1100.0,0.68,520.0,140.0,55.0,65.0,42.0,11,0.07,0.06,1.5,1,35.0,1.05,140.0,86.0,0.3,125.0,0.035,2465.4759115866077,106325.92221568391,103057.56660370485,119140.59847928521,173460.58595910922,182525.32512276684,183299.0422206523,1.6831426519716934,0.00046621621965439573,5.294929679593739e-05,0.0018826547264169662,0.0019141887130353181,0.7839450000000001,0.75,0.8117890000000002,0.0,1.0,0.80375,74.09803465980586,57.63983959592106,0.0,0.05,557.3607597375639,4.423483118451844,28.034450000000007,0.24491025337771652,0.9571574563500113,289.18125,1096.14375,1.0,180.0,720.0,46.12499999999999,16.143749999999997,1,0
full_ft,sram_capacity_mb,23,compute_top,memory_bottom,1.0,1.0,180.0,80,8192,64,4,4096,4,16,1,full_finetune,64,0.35,1.2,0.65,0.35,0.9,2,1,64.0,192.0,2048.0,768.0,6400.0,4800.0,4800.0,6.0,1100.0,0.68,520.0,140.0,55.0,65.0,42.0,23,0.07,0.06,1.5,1,35.0,1.05,140.0,86.0,0.3,125.0,0.035,2175.21827222549,120513.88283521429,119016.04695272344,128622.3169852633,184726.4333191103,195843.6856441552,197156.14534453803,1.5521136691129467,0.00041476543036482086,4.6715637070610935e-05,0.0016610119538983822,0.0016888334805926796,0.7839450000000001,0.75,0.8117890000000002,0.0,1.0,0.80375,73.81383957852461,57.37642131720872,0.0,0.03333333333333333,553.1716680184954,3.932266234851278,28.51331330887054,0.2533002655598891,1.0759495352258324,289.18125,1096.14375,1.0,180.0,720.0,46.12499999999999,16.143749999999997,1,0
full_ft,sram_capacity_mb,37,compute_top,memory_bottom,1.0,1.0,180.0,80,8192,64,4,4096,4,16,1,full_finetune,64,0.35,1.2,0.65,0.35,0.9,2,1,64.0,192.0,2048.0,768.0,6400.0,4800.0,4800.0,6.0,1100.0,0.68,520.0,140.0,55.0,65.0,42.0,37,0.07,0.06,1.5,1,35.0,1.05,140.0,86.0,0.3,125.0,0.035,2388.510316140688,109752.0903420537,107469.08433137214,120200.50476872691,158711.3123727069,169914.68473130025,171307.30348072588,1.4768090131235652,0.0004491053829421635,5.129636068847427e-05,0.0018238832570398793,0.0018544328365320214,0.7839450000000001,0.75,0.8117890000000002,0.0,1.0,0.80375,73.92693688166021,57.59630407608917,0.0,0.05,560.2459486212584,4.263324566681313,29.266359868764354,0.2664719699171597,0.993643013233809,289.18125,1096.14375,1.0,180.0,720.0,46.12499999999999,16.143749999999997,1,0
full_ft,sram_capacity_mb,11,compute_top,memory_bottom,1.0,1.0,180.0,80,8192,64,4,4096,4,16,1,full_finetune,64,0.35,1.2,0.65,0.35,0.9,2,1,64.0,192.0,2048.0,1024.0,6400.0,4800.0,4800.0,6.0,1100.0,0.68,520.0,140.0,55.0,65.0,42.0,11,0.07,0.06,1.5,1,35.0,1.05,140.0,86.0,0.3,125.0,0.035,2465.58666349304,106321.14615213565,103052.93735171275,119135.24679215513,173452.79426763457,182517.12625146817,183290.80859468656,1.6831426519716932,0.00042131605592640167,5.2951675336947194e-05,0.0018827392973507662,0.0019142747005106953,0.84108375,0.75,0.8232167500000002,0.0,1.0,0.80375,74.25693796499114,57.73185305316921,0.0,0.05,561.0975267307059,4.3942212289885525,28.605837500000003,0.24491889665923416,0.9571574563500113,289.18125,1096.14375,1.0,180.0,720.0,46.12499999999999,16.143749999999997,1,0
full_ft,sram_capacity_mb,23,compute_top,memory_bottom,1.0,1.0,180.0,80,8192,64,4,4096,4,16,1,full_finetune,64,0.35,1.2,0.65,0.35,0.9,2,1,64.0,192.0,2048.0,1024.0,6400.0,4800.0,4800.0,6.0,1100.0,0.68,520.0,140.0,55.0,65.0,42.0,23,0.07,0.06,1.5,1,35.0,1.05,140.0,86.0,0.3,125.0,0.035,2175.3052015510407,120509.06687166725,119011.29084554184,128617.17699329418,184719.05130014196,195835.85935867843,197148.26661068,1.5521136691129465,0.00037481851037921325,4.671750399076101e-05,0.0016610783337420638,0.0016889009722818168,0.84108375,0.75,0.8232167500000002,0.0,1.0,0.80375,73.97158785026316,57.4673641826612,0.0,0.03333333333333333,556.9057570450808,3.9060562295012375,29.084700808870537,0.25330795534198636,1.0759495352258324,289.18125,1096.14375,1.0,180.0,720.0,46.12499999999999,16.143749999999997,1,0
full_ft,sram_capacity_mb,37,compute_top,memory_bottom,1.0,1.0,180.0,80,8192,64,4,4096,4,16,1,full_finetune,64,0.35,1.2,0.65,0.35,0.9,2,1,64.0,192.0,2048.0,1024.0,6400.0,4800.0,4800.0,6.0,1100.0,0.68,520.0,140.0,55.0,65.0,42.0,37,0.07,0.06,1.5,1,35.0,1.05,140.0,86.0,0.3,125.0,0.035,2388.6136726264344,109747.34131524744,107464.43409135626,120195.30363390119,158704.44485633823,169907.332439512,171299.89092964097,1.476809013123565,0.00040585245366038053,5.129858040322137e-05,0.00182396218077849,0.0018545130822231293,0.84108375,0.75,0.8232167500000002,0.0,1.0,0.80375,74.08514480656117,57.68814059508315,0.0,0.05,563.9820055324644,4.235265751734945,29.83774736876435,0.26648029610604645,0.993643013233809,289.18125,1096.14375,1.0,180.0,720.0,46.12499999999999,16.143749999999997,1,0
full_ft,hbf_latency_us,11,compute_top,memory_bottom,1.0,1.0,180.0,80,8192,64,4,4096,4,16,1,full_finetune,64,0.35,1.2,0.65,0.35,0.9,2,1,64.0,192.0,2048.0,768.0,6400.0,4800.0,4800.0,4.0,1100.0,0.68,520.0,140.0,55.0,65.0,42.0,11,0.07,0.06,1.5,1,35.0,1.05,140.0,86.0,0.3,125.0,0.035,2465.5243694365167,106323.83246729446,103055.54109215185,119138.25686899296,173457.17673422227,182521.7377379009,183295.43962901435,1.6831426519716932,0.0004465708206277747,5.295033749119014e-05,0.0018826917291715802,0.0019142263355766372,0.7839450000000001,0.75,0.8217890000000002,0.0,1.0,0.80375,74.2370850460895,57.72035715821297,0.0,0.05,557.370712893111,4.423491066903868,28.134450000000005,0.24491403511702917,0.9571574563500113,289.18125,1096.14375,1.0,180.0,720.0,46.12499999999999,16.143749999999997,1,0
full_ft,hbf_latency_us,23,compute_top,memory_bottom,1.0,1.0,180.0,80,8192,64,4,4096,4,16,1,full_finetune,64,0.35,1.2,0.65,0.35,0.9,2,1,64.0,192.0,2048.0,768.0,6400.0,4800.0,4800.0,4.0,1100.0,0.68,520.0,140.0,55.0,65.0,42.0,23,0.07,0.06,1.5,1,35.0,1.05,140.0,86.0,0.3,125.0,0.035,2175.256306965403,120511.77562873255,119013.96593616609,128620.06800138134,184723.203344866,195840.26128279458,197152.69803458822,1.5521136691129467,0.00039728720075323735,4.6716453916041356e-05,0.001661040997492979,0.0016888630106600799,0.7839450000000001,0.75,0.8217890000000002,0.0,1.0,0.80375,73.9518792378963,57.45600204434438,0.0,0.03333333333333333,553.1804494940798,3.932272568480718,28.613313308870534,0.25330363011908935,1.0759495352258324,289.18125,1096.14375,1.0,180.0,720.0,46.12499999999999,16.143749999999997,1,0
full_ft,hbf_latency_us,37,compute_top,memory_bottom,1.0,1.0,180.0,80,8192,64,4,4096,4,16,1,full_finetune,64,0.35,1.2,0.65,0.35,0.9,2,1,64.0,192.0,2048.0,768.0,6400.0,4800.0,4800.0,4.0,1100.0,0.68,520.0,140.0,55.0,65.0,42.0,37,0.07,0.06,1.5,1,35.0,1.05,140.0,86.0,0.3,125.0,0.035,2388.5555382761722,109750.0124234876,107467.04963658939,120198.22903202123,158708.30751711276,169911.46776407023,171304.06014727044,1.476809013123565,0.00043018068930582396,5.129733189255793e-05,0.001823917788980227,0.001854467946873565,0.7839450000000001,0.75,0.8217890000000002,0.0,1.0,0.80375,74.06537876645903,57.67666680628015,0.0,0.05,560.2555910999541,4.263331908186231,29.366359868764352,0.2664756129206847,0.993643013233809,289.18125,1096.14375,1.0,180.0,720.0,46.12499999999999,16.143749999999997,1,0
full_ft,hbf_latency_us,11,compute_top,memory_bottom,1.0,1.0,180.0,80,8192,64,4,4096,4,16,1,full_finetune,64,0.35,1.2,0.65,0.35,0.9,2,1,64.0,192.0,2048.0,768.0,6400.0,4800.0,4800.0,6.0,1100.0,0.68,520.0,140.0,55.0,65.0,42.0,11,0.07,0.06,1.5,1,35.0,1.05,140.0,86.0,0.3,125.0,0.035,2465.4759115866077,106325.92221568391,103057.56660370485,119140.59847928521,173460.58595910922,182525.32512276684,183299.0422206523,1.6831426519716934,0.00046621621965439573,5.294929679593739e-05,0.0018826547264169662,0.0019141887130353181,0.7839450000000001,0.75,0.8117890000000002,0.0,1.0,0.80375,74.09803465980586,57.63983959592106,0.0,0.05,557.3607597375639,4.423483118451844,28.034450000000007,0.24491025337771652,0.9571574563500113,289.18125,1096.14375,1.0,180.0,720.0,46.12499999999999,16.143749999999997,1,0
full_ft,hbf_latency_us,23,compute_top,memory_bottom,1.0,1.0,180.0,80,8192,64,4,4096,4,16,1,full_finetune,64,0.35,1.2,0.65,0.35,0.9,2,1,64.0,192.0,2048.0,768.0,6400.0,4800.0,4800.0,6.0,1100.0,0.68,520.0,140.0,55.0,65.0,42.0,23,0.07,0.06,1.5,1,35.0,1.05,140.0,86.0,0.3,125.0,0.035,2175.21827222549,120513.88283521429,119016.04695272344,128622.3169852633,184726.4333191103,195843.6856441552,197156.14534453803,1.5521136691129467,0.00041476543036482086,4.6715637070610935e-05,0.0016610119538983822,0.0016888334805926796,0.7839450000000001,0.75,0.8117890000000002,0.0,1.0,0.80375,73.81383957852461,57.37642131720872,0.0,0.03333333333333333,553.1716680184954,3.932266234851278,28.51331330887054,0.2533002655598891,1.0759495352258324,289.18125,1096.14375,1.0,180.0,720.0,46.12499999999999,16.143749999999997,1,0
full_ft,hbf_latency_us,37,compute_top,memory_bottom,1.0,1.0,180.0,80,8192,64,4,4096,4,16,1,full_finetune,64,0.35,1.2,0.65,0.35,0.9,2,1,64.0,192.0,2048.0,768.0,6400.0,4800.0,4800.0,6.0,1100.0,0.68,520.0,140.0,55.0,65.0,42.0,37,0.07,0.06,1.5,1,35.0,1.05,140.0,86.0,0.3,125.0,0.035,2388.510316140688,109752.0903420537,107469.08433137214,120200.50476872691,158711.3123727069,169914.68473130025,171307.30348072588,1.4768090131235652,0.0004491053829421635,5.129636068847427e-05,0.0018238832570398793,0.0018544328365320214,0.7839450000000001,0.75,0.8117890000000002,0.0,1.0,0.80375,73.92693688166021,57.59630407608917,0.0,0.05,560.2459486212584,4.263324566681313,29.266359868764354,0.2664719699171597,0.993643013233809,289.18125,1096.14375,1.0,180.0,720.0,46.12499999999999,16.143749999999997,1,0
full_ft,hbf_latency_us,11,compute_top,memory_bottom,1.0,1.0,180.0,80,8192,64,4,4096,4,16,1,full_finetune,64,0.35,1.2,0.65,0.35,0.9,2,1,64.0,192.0,2048.0,768.0,6400.0,4800.0,4800.0,8.0,1100.0,0.68,520.0,140.0,55.0,65.0,42.0,11,0.07,0.06,1.5,1,35.0,1.05,140.0,86.0,0.3,125.0,0.035,2465.4274556414593,106328.01196407336,103059.59211525784,119142.94008957743,173463.9951839961,182528.9125076327,183302.6448122902,1.6831426519716934,0.00048586084646793374,5.2948256141591866e-05,0.0018826177251168403,0.0019141510919728508,0.7839450000000001,0.75,0.8017890000000002,0.0,1.0,0.80375,73.95898427352219,57.55932203362913,0.0,0.05,557.3508069732509,4.423475170028387,27.934450000000005,0.24490647178705488,0.9571574563500113,289.18125,1096.14375,1.0,180.0,720.0,46.12499999999999,16.143749999999997,1,0
full_ft,hbf_latency_us,23,compute_top,memory_bottom,1.0,1.0,180.0,80,8192,64,4,4096,4,16,1,full_finetune,64,0.35,1.2,0.65,0.35,0.9,2,1,64.0,192.0,2048.0,768.0,6400.0,4800.0,4800.0,8.0,1100.0,0.68,520.0,140.0,55.0,65.0,42.0,23,0.07,0.06,1.5,1,35.0,1.05,140.0,86.0,0.3,125.0,0.035,2175.180238815643,120515.99004169603,119018.12796928079,128624.56596914526,184729.6632933546,195847.1100055158,197159.5926544878,1.5521136691129465,0.0004322430487672412,4.671482025374539e-05,0.0016609829113194323,0.001688803951557938,0.7839450000000001,0.75,0.8017890000000002,0.0,1.0,0.80375,73.67579991915282,57.29684059007304,0.0,0.03333333333333333,553.162886849997,3.9322599012422423,28.413313308870535,0.25329690111834663,1.0759495352258324,289.18125,1096.14375,1.0,180.0,720.0,46.12499999999999,16.143749999999997,1,0
full_ft,hbf_latency_us,37,compute_top,memory_bottom,1.0,1.0,180.0,80,8192,64,4,4096,4,16,1,full_finetune,64,0.35,1.2,0.65,0.35,0.9,2,1,64.0,192.0,2048.0,768.0,6400.0,4800.0,4800.0,8.0,1100.0,0.68,520.0,140.0,55.0,65.0,42.0,37,0.07,0.06,1.5,1,35.0,1.05,140.0,86.0,0.3,125.0,0.035,2388.465095717537,109754.16826061982,107471.11902615488,120202.78050543257,158714.31722830102,169917.90169853027,171310.54681418135,1.4768090131235654,0.0004680293599957458,5.1295389521165197e-05,0.0018238487264070813,0.0018543977275199289,0.7839450000000001,0.75,0.8017890000000002,0.0,1.0,0.80375,73.78849499686137,57.51594134589823,0.0,0.05,560.2363065076746,4.26331722520168,29.166359868764346,0.26646832705157686,0.993643013233809,289.18125,1096.14375,1.0,180.0,720.0,46.12499999999999,16.143749999999997,1,0
full_ft,hbf_latency_us,11,compute_top,memory_bottom,1.0,1.0,180.0,80,8192,64,4,4096,4,16,1,full_finetune,64,0.35,1.2,0.65,0.35,0.9,2,1,64.0,192.0,2048.0,768.0,6400.0,4800.0,4800.0,10.0,1100.0,0.68,520.0,140.0,55.0,65.0,42.0,11,0.07,0.06,1.5,1,35.0,1.05,140.0,86.0,0.3,125.0,0.035,2465.3790016009593,106330.10171246281,103061.61762681085,119145.28169986965,173467.404408883,182532.4998924986,183306.24740392814,1.683142651971693,0.0005055047011139182,5.294721552815114e-05,0.001882580725271118,0.0019141134723891465,0.7839450000000001,0.75,0.7917890000000002,0.0,1.0,0.80375,73.8199338872386,57.47880447133725,0.0,0.05,557.3408546001494,4.4234672216334925,27.834450000000004,0.24490269034503553,0.9571574563500113,289.18125,1096.14375,1.0,180.0,720.0,46.12499999999999,16.143749999999997,1,0
full_ft,hbf_latency_us,23,compute_top,memory_bottom,1.0,1.0,180.0,80,8192,64,4,4096,4,16,1,full_finetune,64,0.35,1.2,0.65,0.35,0.9,2,1,64.0,192.0,2048.0,768.0,6400.0,4800.0,4800.0,10.0,1100.0,0.68,520.0,140.0,55.0,65.0,42.0,23,0.07,0.06,1.5,1,35.0,1.05,140.0,86.0,0.3,125.0,0.035,2175.1422067357908,120518.09724817777,119020.20898583814,128626.8149530272,184732.89326759893,195850.53436687644,197163.0399644376,1.5521136691129467,0.000449720055992558,4.671400346544323e-05,0.0016609538697560761,0.0016887744235558008,0.7839450000000001,0.75,0.7917890000000002,0.0,1.0,0.80375,73.53776025978108,57.21725986293738,0.0,0.03333333333333333,553.1541059885683,3.93225356765361,28.31331330887054,0.25329353679445576,1.0759495352258324,289.18125,1096.14375,1.0,180.0,720.0,46.12499999999999,16.143749999999997,1,0
full_ft,hbf_latency_us,37,compute_top,memory_bottom,1.0,1.0,180.0,80,8192,64,4,4096,4,16,1,full_finetune,64,0.35,1.2,0.65,0.35,0.9,2,1,64.0,192.0,2048.0,768.0,6400.0,4800.0,4800.0,10.0,1100.0,0.68,520.0,140.0,55.0,65.0,42.0,37,0.07,0.06,1.5,1,35.0,1.05,140.0,86.0,0.3,125.0,0.035,2388.4198770066237,109756.24617918594,107473.15372093764,120205.05624213825,158717.32208389515,169921.11866576035,171313.79014763684,1.4768090131235654,0.00048695262050726983,5.129441839062865e-05,0.00182381419708176,0.0018543626198372128,0.7839450000000001,0.75,0.7917890000000002,0.0,1.0,0.80375,73.65005311206257,57.43557861570727,0.0,0.05,560.2266647591823,4.263309883747329,29.06635986876435,0.2664646843239284,0.993643013233809,289.18125,1096.14375,1.0,180.0,720.0,46.12499999999999,16.143749999999997,1,0
full_ft,hbf_latency_us,11,compute_top,memory_bottom,1.0,1.0,180.0,80,8192,64,4,4096,4,16,1,full_finetune,64,0.35,1.2,0.65,0.35,0.9,2,1,64.0,192.0,2048.0,768.0,6400.0,4800.0,4800.0,12.0,1100.0,0.68,520.0,140.0,55.0,65.0,42.0,11,0.07,0.06,1.5,1,35.0,1.05,140.0,86.0,0.3,125.0,0.035,2465.3305494649953,106332.19146085226,103063.64313836384,119147.62331016189,173470.8136337699,182536.08727736448,183309.84999556604,1.683142651971693,0.0005251477836378755,5.294617495561279e-05,0.0018825437268797129,0.0019140758542841192,0.7839450000000001,0.75,0.7817890000000003,0.0,1.0,0.80375,73.68088350095496,57.39828690904532,0.0,0.05,557.3309026182365,4.423459273267161,27.734450000000006,0.2448989090516497,0.9571574563500113,289.18125,1096.14375,1.0,180.0,720.0,46.12499999999999,16.143749999999997,1,0
full_ft,hbf_latency_us,23,compute_top,memory_bottom,1.0,1.0,180.0,80,8192,64,4,4096,4,16,1,full_finetune,64,0.35,1.2,0.65,0.35,0.9,2,1,64.0,192.0,2048.0,768.0,6400.0,4800.0,4800.0,12.0,1100.0,0.68,520.0,140.0,55.0,65.0,42.0,23,0.07,0.06,1.5,1,35.0,1.05,140.0,86.0,0.3,125.0,0.035,2175.1041759858635,120520.20445465951,119022.29000239549,128629.06393690915,184736.12324184322,195853.95872823702,197166.4872743874,1.5521136691129465,0.0004671964520728295,4.6713186705702925e-05,0.0016609248292082603,0.0016887448965862135,0.7839450000000001,0.75,0.7817890000000003,0.0,1.0,0.80375,73.39972060040931,57.13767913580169,0.0,0.03333333333333333,553.1453254341933,3.9322472340853794,28.213313308870536,0.25329017258821035,1.0759495352258324,289.18125,1096.14375,1.0,180.0,720.0,46.12499999999999,16.143749999999997,1,0
full_ft,hbf_latency_us,37,compute_top,memory_bottom,1.0,1.0,180.0,80,8192,64,4,4096,4,16,1,full_finetune,64,0.35,1.2,0.65,0.35,0.9,2,1,64.0,192.0,2048.0,768.0,6400.0,4800.0,4800.0,12.0,1100.0,0.68,520.0,140.0,55.0,65.0,42.0,37,0.07,0.06,1.5,1,35.0,1.05,140.0,86.0,0.3,125.0,0.035,2388.3746600078503,109758.32409775205,107475.18841572039,120207.33197884391,158720.32693948926,169924.33563299035,171317.03348109228,1.4768090131235652,0.0005058751645174318,5.129344729686252e-05,0.0018237796690638403,0.0018543275134837974,0.7839450000000001,0.75,0.7817890000000003,0.0,1.0,0.80375,73.51161122726373,57.355215885516344,0.0,0.05,560.2170233757604,4.263302542318265,28.966359868764354,0.2664610417342065,0.993643013233809,289.18125,1096.14375,1.0,180.0,720.0,46.12499999999999,16.143749999999997,1,0
full_ft,bridge_bw_gbs,11,compute_top,memory_bottom,1.0,1.0,180.0,80,8192,64,4,4096,4,16,1,full_finetune,64,0.35,1.2,0.65,0.35,0.9,2,1,64.0,192.0,2048.0,768.0,6400.0,4800.0,3200.0,6.0,1100.0,0.68,520.0,140.0,55.0,65.0,42.0,11,0.07,0.06,1.5,1,35.0,1.05,140.0,86.0,0.3,125.0,0.035,2464.914425025572,106350.14235728707,103081.04224167163,119167.73769525175,173500.0988066533,182566.90284086706,183340.796184933,1.6831426519716928,0.0006938496693489936,5.29372381429092e-05,0.001882225971334434,0.0028706291646217203,0.7839450000000001,0.75,0.8117890000000002,0.0,1.0,0.80375,74.09803465980586,57.63983959592106,0.0,0.05,557.2856202122722,4.423072004059026,28.034450000000007,0.2448664339386503,0.9571574563500113,289.18125,1096.14375,1.0,180.0,720.0,46.12499999999999,16.143749999999997,1,0
full_ft,bridge_bw_gbs,23,compute_top,memory_bottom,1.0,1.0,180.0,80,8192,64,4,4096,4,16,1,full_finetune,64,0.35,1.2,0.65,0.35,0.9,2,1,64.0,192.0,2048.0,768.0,6400.0,4800.0,3200.0,6.0,1100.0,0.68,520.0,140.0,55.0,65.0,42.0,23,0.07,0.06,1.5,1,35.0,1.05,140.0,86.0,0.3,125.0,0.035,2174.777547380517,120538.30531575427,119040.16589256894,128648.38266300663,184763.86865532902,195883.37392312355,197196.0995971912,1.5521136691129467,0.000617293173519795,4.6706171932252794e-05,0.001660675413310604,0.002532736954553803,0.7839450000000001,0.75,0.8117890000000002,0.0,1.0,0.80375,73.81383957852461,57.37642131720872,0.0,0.03333333333333333,553.1053716117707,3.931940745834975,28.51331330887054,0.25326127896933176,1.0759495352258324,289.18125,1096.14375,1.0,180.0,720.0,46.12499999999999,16.143749999999997,1,0
full_ft,bridge_bw_gbs,37,compute_top,memory_bottom,1.0,1.0,180.0,80,8192,64,4,4096,4,16,1,full_finetune,64,0.35,1.2,0.65,0.35,0.9,2,1,64.0,192.0,2048.0,768.0,6400.0,4800.0,3200.0,6.0,1100.0,0.68,520.0,140.0,55.0,65.0,42.0,37,0.07,0.06,1.5,1,35.0,1.05,140.0,86.0,0.3,125.0,0.035,2387.9863174091147,109776.1733762434,107492.66640278618,120226.88051115643,158746.13858831927,169951.9693164864,171344.8936499319,1.4768090131235652,0.0006683899292061075,5.128510713526438e-05,0.0018234831279272824,0.0027810390080382236,0.7839450000000001,0.75,0.8117890000000002,0.0,1.0,0.80375,73.92693688166021,57.59630407608917,0.0,0.05,560.1731536669465,4.262943166371202,29.266359868764354,0.2664297576420039,0.993643013233809,289.18125,1096.14375,1.0,180.0,720.0,46.12499999999999,16.143749999999997,1,0
full_ft,bridge_bw_gbs,11,compute_top,memory_bottom,1.0,1.0,180.0,80,8192,64,4,4096,4,16,1,full_finetune,64,0.35,1.2,0.65,0.35,0.9,2,1,64.0,192.0,2048.0,768.0,6400.0,4800.0,4000.0,6.0,1100.0,0.68,520.0,140.0,55.0,65.0,42.0,11,0.07,0.06,1.5,1,35.0,1.05,140.0,86.0,0.3,125.0,0.035,2465.2512862685417,106335.61027232518,103066.95685889157,119151.45416567184,173476.39109812683,182541.95621000693,183315.74380636457,1.683142651971693,0.0005572820431101583,5.2944472675540086e-05,0.001882483200946065,0.0022968171774678196,0.7839450000000001,0.75,0.8117890000000002,0.0,1.0,0.80375,74.09803465980586,57.63983959592106,0.0,0.05,557.3306998199464,4.423318663524145,28.034450000000007,0.24489272320670127,0.9571574563500113,289.18125,1096.14375,1.0,180.0,720.0,46.12499999999999,16.143749999999997,1,0
full_ft,bridge_bw_gbs,23,compute_top,memory_bottom,1.0,1.0,180.0,80,8192,64,4,4096,4,16,1,full_finetune,64,0.35,1.2,0.65,0.35,0.9,2,1,64.0,192.0,2048.0,768.0,6400.0,4800.0,4000.0,6.0,1100.0,0.68,520.0,140.0,55.0,65.0,42.0,23,0.07,0.06,1.5,1,35.0,1.05,140.0,86.0,0.3,125.0,0.035,2175.041960853844,120523.6518274303,119025.69452866165,128632.74325636063,184741.4074535978,195859.56095574255,197172.1270455993,1.5521136691129467,0.0004957863771057289,4.671185055495207e-05,0.00166087732129638,0.002026435911514708,0.7839450000000001,0.75,0.8117890000000002,0.0,1.0,0.80375,73.81383957852461,57.37642131720872,0.0,0.03333333333333333,553.1451462316297,3.932136032778356,28.51331330887054,0.25328466902764146,1.0759495352258324,289.18125,1096.14375,1.0,180.0,720.0,46.12499999999999,16.143749999999997,1,0
full_ft,bridge_bw_gbs,37,compute_top,memory_bottom,1.0,1.0,180.0,80,8192,64,4,4096,4,16,1,full_finetune,64,0.35,1.2,0.65,0.35,0.9,2,1,64.0,192.0,2048.0,768.0,6400.0,4800.0,4000.0,6.0,1100.0,0.68,520.0,140.0,55.0,65.0,42.0,37,0.07,0.06,1.5,1,35.0,1.05,140.0,86.0,0.3,125.0,0.035,2388.3006890548777,109761.7235557296,107478.51715993776,120211.05506569873,158725.24285895185,169929.59856537473,171322.33954840832,1.4768090131235652,0.0005368307487239038,5.129185867459093e-05,0.0018237231843244938,0.0022251240991673638,0.7839450000000001,0.75,0.8117890000000002,0.0,1.0,0.80375,73.92693688166021,57.59630407608917,0.0,0.05,560.2168268062337,4.26317199836794,29.266359868764354,0.26645508278424673,0.993643013233809,289.18125,1096.14375,1.0,180.0,720.0,46.12499999999999,16.143749999999997,1,0
full_ft,bridge_bw_gbs,11,compute_top,memory_bottom,1.0,1.0,180.0,80,8192,64,4,4096,4,16,1,full_finetune,64,0.35,1.2,0.65,0.35,0.9,2,1,64.0,192.0,2048.0,768.0,6400.0,4800.0,4800.0,6.0,1100.0,0.68,520.0,140.0,55.0,65.0,42.0,11,0.07,0.06,1.5,1,35.0,1.05,140.0,86.0,0.3,125.0,0.035,2465.4759115866077,106325.92221568391,103057.56660370485,119140.59847928521,173460.58595910922,182525.32512276684,183299.0422206523,1.6831426519716934,0.00046621621965439573,5.294929679593739e-05,0.0018826547264169662,0.0019141887130353181,0.7839450000000001,0.75,0.8117890000000002,0.0,1.0,0.80375,74.09803465980586,57.63983959592106,0.0,0.05,557.3607597375639,4.423483118451844,28.034450000000007,0.24491025337771652,0.9571574563500113,289.18125,1096.14375,1.0,180.0,720.0,46.12499999999999,16.143749999999997,1,0
full_ft,bridge_bw_gbs,23,compute_top,memory_bottom,1.0,1.0,180.0,80,8192,64,4,4096,4,16,1,full_finetune,64,0.35,1.2,0.65,0.35,0.9,2,1,64.0,192.0,2048.0,768.0,6400.0,4800.0,4800.0,6.0,1100.0,0.68,520.0,140.0,55.0,65.0,42.0,23,0.07,0.06,1.5,1,35.0,1.05,140.0,86.0,0.3,125.0,0.035,2175.21827222549,120513.88283521429,119016.04695272344,128622.3169852633,184726.4333191103,195843.6856441552,197156.14534453803,1.5521136691129467,0.00041476543036482086,4.6715637070610935e-05,0.0016610119538983822,0.0016888334805926796,0.7839450000000001,0.75,0.8117890000000002,0.0,1.0,0.80375,73.81383957852461,57.37642131720872,0.0,0.03333333333333333,553.1716680184954,3.932266234851278,28.51331330887054,0.2533002655598891,1.0759495352258324,289.18125,1096.14375,1.0,180.0,720.0,46.12499999999999,16.143749999999997,1,0
full_ft,bridge_bw_gbs,37,compute_top,memory_bottom,1.0,1.0,180.0,80,8192,64,4,4096,4,16,1,full_finetune,64,0.35,1.2,0.65,0.35,0.9,2,1,64.0,192.0,2048.0,768.0,6400.0,4800.0,4800.0,6.0,1100.0,0.68,520.0,140.0,55.0,65.0,42.0,37,0.07,0.06,1.5,1,35.0,1.05,140.0,86.0,0.3,125.0,0.035,2388.510316140688,109752.0903420537,107469.08433137214,120200.50476872691,158711.3123727069,169914.68473130025,171307.30348072588,1.4768090131235652,0.0004491053829421635,5.129636068847427e-05,0.0018238832570398793,0.0018544328365320214,0.7839450000000001,0.75,0.8117890000000002,0.0,1.0,0.80375,73.92693688166021,57.59630407608917,0.0,0.05,560.2459486212584,4.263324566681313,29.266359868764354,0.2664719699171597,0.993643013233809,289.18125,1096.14375,1.0,180.0,720.0,46.12499999999999,16.143749999999997,1,0
full_ft,bridge_bw_gbs,11,compute_top,memory_bottom,1.0,1.0,180.0,80,8192,64,4,4096,4,16,1,full_finetune,64,0.35,1.2,0.65,0.35,0.9,2,1,64.0,192.0,2048.0,768.0,6400.0,4800.0,6400.0,6.0,1100.0,0.68,520.0,140.0,55.0,65.0,42.0,11,0.07,0.06,1.5,1,35.0,1.05,140.0,86.0,0.3,125.0,0.035,2465.538551133903,106323.22089607552,103054.9483200384,119137.57158962256,173456.1790141952,182520.6878788144,183294.3853196198,1.683142651971693,0.0004408213888111046,5.295064206155744e-05,0.001882702558415333,0.001435678009655596,0.7839450000000001,0.75,0.8117890000000002,0.0,1.0,0.80375,74.09803465980586,57.63983959592106,0.0,0.05,557.3535262962091,4.423652914727549,28.034450000000007,0.24491514188265387,0.9571574563500113,289.18125,1096.14375,1.0,180.0,720.0,46.12499999999999,16.143749999999997,1,0
full_ft,bridge_bw_gbs,23,compute_top,memory_bottom,1.0,1.0,180.0,80,8192,64,4,4096,4,16,1,full_finetune,64,0.35,1.2,0.65,0.35,0.9,2,1,64.0,192.0,2048.0,768.0,6400.0,4800.0,6400.0,6.0,1100.0,0.68,520.0,140.0,55.0,65.0,42.0,23,0.07,0.06,1.5,1,35.0,1.05,140.0,86.0,0.3,125.0,0.035,2175.2674381992533,120511.15894834984,119013.35692034439,128619.40982941147,184722.2580830844,195839.2591330325,197151.68916885174,1.5521136691129462,0.00039217202810973864,4.6716692973742995e-05,0.0016610494973813457,0.0012666537396895574,0.7839450000000001,0.75,0.8117890000000002,0.0,1.0,0.80375,73.81383957852461,57.37642131720872,0.0,0.03333333333333333,553.1652863253368,3.932400481327201,28.513313308870547,0.2533046147898233,1.0759495352258324,289.18125,1096.14375,1.0,180.0,720.0,46.12499999999999,16.143749999999997,1,0
full_ft,bridge_bw_gbs,37,compute_top,memory_bottom,1.0,1.0,180.0,80,8192,64,4,4096,4,16,1,full_finetune,64,0.35,1.2,0.65,0.35,0.9,2,1,64.0,192.0,2048.0,768.0,6400.0,4800.0,6400.0,6.0,1100.0,0.68,520.0,140.0,55.0,65.0,42.0,37,0.07,0.06,1.5,1,35.0,1.05,140.0,86.0,0.3,125.0,0.035,2388.568772995496,109749.40431430243,107466.45417697582,120197.5630307562,158707.42813698848,169910.5263088309,171303.11097587508,1.476809013123565,0.0004246421846356799,5.1297616125341644e-05,0.001823927895104879,0.0013908586667049211,0.7839450000000001,0.75,0.8117890000000002,0.0,1.0,0.80375,73.92693688166021,57.59630407608917,0.0,0.05,560.2389410483871,4.263482235857643,29.266359868764354,0.26647667908283373,0.993643013233809,289.18125,1096.14375,1.0,180.0,720.0,46.12499999999999,16.143749999999997,1,0
full_ft,traffic_burst_factor,11,compute_top,memory_bottom,1.0,1.0,180.0,80,8192,64,4,4096,4,16,1,full_finetune,64,0.35,1.2,0.65,0.35,0.9,2,1,64.0,192.0,2048.0,768.0,6400.0,4800.0,4800.0,6.0,1100.0,0.68,520.0,140.0,55.0,65.0,42.0,11,0.07,0.06,1.0,1,35.0,1.05,140.0,86.0,0.3,125.0,0.035,2532.827172171065,103498.57379937134,102840.36180331881,114736.5869960633,122467.20258676849,124839.46975845678,125158.90406729121,1.1908476442448328,0.00046621621965439573,5.439575257735771e-05,0.001934084622151729,0.0019664800464097754,0.7839450000000001,0.75,0.8117890000000002,0.0,1.0,0.80375,73.15430267418623,56.93787668240095,0.0,0.05,571.1530072215285,4.434586074390881,32.125973557551674,0.31651191563487074,0.9571574563500113,289.18125,1096.14375,1.0,180.0,720.0,46.12499999999999,16.143749999999997,1,0
full_ft,traffic_burst_factor,23,compute_top,memory_bottom,1.0,1.0,180.0,80,8192,64,4,4096,4,16,1,full_finetune,64,0.35,1.2,0.65,0.35,0.9,2,1,64.0,192.0,2048.0,768.0,6400.0,4800.0,4800.0,6.0,1100.0,0.68,520.0,140.0,55.0,65.0,42.0,23,0.07,0.06,1.0,1,35.0,1.05,140.0,86.0,0.3,125.0,0.035,2215.008046855264,118349.00571678572,118928.10075834894,127040.50340502862,139220.41217368792,142396.206716642,142763.76023377,1.170626717200934,0.00041476543036482086,4.7570174150618155e-05,0.0016913957053346729,0.0017197261521181202,0.7839450000000001,0.75,0.8117890000000002,0.0,1.0,0.80375,73.15430267418623,56.93787668240095,0.0,0.03333333333333333,562.3583467028825,3.9387839797202226,32.328182827990666,0.3200604821444913,1.0759495352258324,289.18125,1096.14375,1.0,180.0,720.0,46.12499999999999,16.143749999999997,1,0
full_ft,traffic_burst_factor,37,compute_top,memory_bottom,1.0,1.0,180.0,80,8192,64,4,4096,4,16,1,full_finetune,64,0.35,1.2,0.65,0.35,0.9,2,1,64.0,192.0,2048.0,768.0,6400.0,4800.0,4800.0,6.0,1100.0,0.68,520.0,140.0,55.0,65.0,42.0,37,0.07,0.06,1.0,1,35.0,1.05,140.0,86.0,0.3,125.0,0.035,2443.506218943222,107281.90416203366,107359.33378933909,116490.92900681014,122507.74979773725,123758.72326322619,123927.59024532328,1.141100130503068,0.0004491053829421635,5.2477469117223006e-05,0.0018658785147741678,0.0018971315041251891,0.7839450000000001,0.75,0.8117890000000002,0.0,1.0,0.80375,73.15430267418623,56.93787668240095,0.0,0.05,571.1460746871622,4.278250919051874,32.623448694969326,0.32522102437574674,0.993643013233809,289.18125,1096.14375,1.0,180.0,720.0,46.12499999999999,16.143749999999997,1,0
full_ft,traffic_burst_factor,11,compute_top,memory_bottom,1.0,1.0,180.0,80,8192,64,4,4096,4,16,1,full_finetune,64,0.35,1.2,0.65,0.35,0.9,2,1,64.0,192.0,2048.0,768.0,6400.0,4800.0,4800.0,6.0,1100.0,0.68,520.0,140.0,55.0,65.0,42.0,11,0.07,0.06,1.5,1,35.0,1.05,140.0,86.0,0.3,125.0,0.035,2465.4759115866077,106325.92221568391,103057.56660370485,119140.59847928521,173460.58595910922,182525.32512276684,183299.0422206523,1.6831426519716934,0.00046621621965439573,5.294929679593739e-05,0.0018826547264169662,0.0019141887130353181,0.7839450000000001,0.75,0.8117890000000002,0.0,1.0,0.80375,74.09803465980586,57.63983959592106,0.0,0.05,557.3607597375639,4.423483118451844,28.034450000000007,0.24491025337771652,0.9571574563500113,289.18125,1096.14375,1.0,180.0,720.0,46.12499999999999,16.143749999999997,1,0
full_ft,traffic_burst_factor,23,compute_top,memory_bottom,1.0,1.0,180.0,80,8192,64,4,4096,4,16,1,full_finetune,64,0.35,1.2,0.65,0.35,0.9,2,1,64.0,192.0,2048.0,768.0,6400.0,4800.0,4800.0,6.0,1100.0,0.68,520.0,140.0,55.0,65.0,42.0,23,0.07,0.06,1.5,1,35.0,1.05,140.0,86.0,0.3,125.0,0.035,2175.21827222549,120513.88283521429,119016.04695272344,128622.3169852633,184726.4333191103,195843.6856441552,197156.14534453803,1.5521136691129467,0.00041476543036482086,4.6715637070610935e-05,0.0016610119538983822,0.0016888334805926796,0.7839450000000001,0.75,0.8117890000000002,0.0,1.0,0.80375,73.81383957852461,57.37642131720872,0.0,0.03333333333333333,553.1716680184954,3.932266234851278,28.51331330887054,0.2533002655598891,1.0759495352258324,289.18125,1096.14375,1.0,180.0,720.0,46.12499999999999,16.143749999999997,1,0
full_ft,traffic_burst_factor,37,compute_top,memory_bottom,1.0,1.0,180.0,80,8192,64,4,4096,4,16,1,full_finetune,64,0.35,1.2,0.65,0.35,0.9,2,1,64.0,192.0,2048.0,768.0,6400.0,4800.0,4800.0,6.0,1100.0,0.68,520.0,140.0,55.0,65.0,42.0,37,0.07,0.06,1.5,1,35.0,1.05,140.0,86.0,0.3,125.0,0.035,2388.510316140688,109752.0903420537,107469.08433137214,120200.50476872691,158711.3123727069,169914.68473130025,171307.30348072588,1.4768090131235652,0.0004491053829421635,5.129636068847427e-05,0.0018238832570398793,0.0018544328365320214,0.7839450000000001,0.75,0.8117890000000002,0.0,1.0,0.80375,73.92693688166021,57.59630407608917,0.0,0.05,560.2459486212584,4.263324566681313,29.266359868764354,0.2664719699171597,0.993643013233809,289.18125,1096.14375,1.0,180.0,720.0,46.12499999999999,16.143749999999997,1,0
full_ft,traffic_burst_factor,11,compute_top,memory_bottom,1.0,1.0,180.0,80,8192,64,4,4096,4,16,1,full_finetune,64,0.35,1.2,0.65,0.35,0.9,2,1,64.0,192.0,2048.0,768.0,6400.0,4800.0,4800.0,6.0,1100.0,0.68,520.0,140.0,55.0,65.0,42.0,11,0.07,0.06,2.0,1,35.0,1.05,140.0,86.0,0.3,125.0,0.035,2401.6137902436503,109153.27063199648,103057.56660370485,119140.59847928521,242666.6549764531,259825.299033874,261320.1632748201,2.3546709181442034,0.00046621621965439573,5.157777481062205e-05,0.0018338891619187267,0.0018646063377662319,0.7839450000000001,0.75,0.8117890000000002,0.0,1.0,0.80375,74.53206077529019,57.872712552125144,0.0,0.05,544.2435944383101,4.41275527132708,28.034450000000007,0.24491025337771652,0.9571574563500113,289.18125,1096.14375,1.0,180.0,720.0,46.12499999999999,16.143749999999997,1,0
full_ft,traffic_burst_factor,23,compute_top,memory_bottom,1.0,1.0,180.0,80,8192,64,4,4096,4,16,1,full_finetune,64,0.35,1.2,0.65,0.35,0.9,2,1,64.0,192.0,2048.0,768.0,6400.0,4800.0,4800.0,6.0,1100.0,0.68,520.0,140.0,55.0,65.0,42.0,23,0.07,0.06,2.0,1,35.0,1.05,140.0,86.0,0.3,125.0,0.035,2136.832815224554,122678.75995364289,119016.04695272344,128622.3169852633,250121.37934824367,271552.4973123587,274208.7276828306,2.1015769364915893,0.00041476543036482086,4.589125953528864e-05,0.0016317005492690088,0.001659031117409739,0.7839450000000001,0.75,0.8117890000000002,0.0,1.0,0.80375,74.1014914207272,57.556273808324256,0.0,0.03333333333333333,544.3092187359331,3.925770024962998,28.034450000000007,0.24492015765465477,1.0759495352258324,289.18125,1096.14375,1.0,180.0,720.0,46.12499999999999,16.143749999999997,1,0
full_ft,traffic_burst_factor,37,compute_top,memory_bottom,1.0,1.0,180.0,80,8192,64,4,4096,4,16,1,full_finetune,64,0.35,1.2,0.65,0.35,0.9,2,1,64.0,192.0,2048.0,768.0,6400.0,4800.0,4800.0,6.0,1100.0,0.68,520.0,140.0,55.0,65.0,42.0,37,0.07,0.06,2.0,1,35.0,1.05,140.0,86.0,0.3,125.0,0.035,2335.935503397466,112222.27652207375,107469.08433137214,120200.50476872691,210713.5155841095,231300.94478677033,234047.32821294904,1.960689596408876,0.0004491053829421635,5.016724831270573e-05,0.0017837367606833943,0.0018136138965983287,0.7839450000000001,0.75,0.8117890000000002,0.0,1.0,0.80375,74.40606939301013,57.98235728370983,0.0,0.05,549.0356971287147,4.254614983349315,28.034450000000007,0.24491354721378364,0.993643013233809,289.18125,1096.14375,1.0,180.0,720.0,46.12499999999999,16.143749999999997,1,0
full_ft,traffic_burst_factor,11,compute_top,memory_bottom,1.0,1.0,180.0,80,8192,64,4,4096,4,16,1,full_finetune,64,0.35,1.2,0.65,0.35,0.9,2,1,64.0,192.0,2048.0,768.0,6400.0,4800.0,4800.0,6.0,1100.0,0.68,520.0,140.0,55.0,65.0,42.0,11,0.07,0.06,2.8,1,35.0,1.05,140.0,86.0,0.3,125.0,0.035,2306.0419891852307,113677.02809809659,103057.56660370485,119140.59847928521,353396.3654042033,383505.2572916455,386153.95696148864,3.4291161440202194,0.00046621621965439573,4.95252462761583e-05,0.0017609098632246152,0.0017904046544276364,0.7839450000000001,0.75,0.8117890000000002,0.0,1.0,0.80375,74.5675405320242,57.87421229973862,0.0,0.05,524.613317741137,4.395698529184336,28.034450000000007,0.24491025337771652,0.9571574563500113,289.18125,1096.14375,1.0,180.0,720.0,46.12499999999999,16.143749999999997,1,0
full_ft,traffic_burst_factor,23,compute_top,memory_bottom,1.0,1.0,180.0,80,8192,64,4,4096,4,16,1,full_finetune,64,0.35,1.2,0.65,0.35,0.9,2,1,64.0,192.0,2048.0,768.0,6400.0,4800.0,4800.0,6.0,1100.0,0.68,520.0,140.0,55.0,65.0,42.0,23,0.07,0.06,2.8,1,35.0,1.05,140.0,86.0,0.3,125.0,0.035,2078.1565956205045,126142.56334312861,119016.04695272344,128622.3169852633,354753.29299485707,392686.5959814843,397492.8594240986,2.9807181642974174,0.00041476543036482086,4.4631111524076046e-05,0.0015868949757703189,0.0016134750619797053,0.7839450000000001,0.75,0.8117890000000002,0.0,1.0,0.80375,74.1014914207272,57.556273808324256,0.0,0.03333333333333333,530.7620302702418,3.9154206162079723,28.034450000000007,0.24492015765465477,1.0759495352258324,289.18125,1096.14375,1.0,180.0,720.0,46.12499999999999,16.143749999999997,1,0
full_ft,traffic_burst_factor,37,compute_top,memory_bottom,1.0,1.0,180.0,80,8192,64,4,4096,4,16,1,full_finetune,64,0.35,1.2,0.65,0.35,0.9,2,1,64.0,192.0,2048.0,768.0,6400.0,4800.0,4800.0,6.0,1100.0,0.68,520.0,140.0,55.0,65.0,42.0,37,0.07,0.06,2.8,1,35.0,1.05,140.0,86.0,0.3,125.0,0.035,2256.466196076691,116174.57441010584,107469.08433137214,120200.50476872691,296417.9355885322,329998.9713417727,334431.367784506,2.7581693603581074,0.0004491053829421635,4.846054174148337e-05,0.0017230534393297256,0.001751914145085336,0.7839450000000001,0.75,0.8117890000000002,0.0,1.0,0.80375,74.46171561893154,57.99679282407097,0.0,0.05,532.0908736567758,4.240753427265547,28.034450000000007,0.24491354721378364,0.993643013233809,289.18125,1096.14375,1.0,180.0,720.0,46.12499999999999,16.143749999999997,1,0
lora_sft,sequence_len,11,compute_top,memory_bottom,1.0,1.0,180.0,80,8192,64,4,2048,8,16,1,lora_sft,64,0.35,1.2,0.45,0.2,0.92,2,1,64.0,192.0,2048.0,768.0,6400.0,4800.0,4800.0,6.0,1100.0,0.68,520.0,140.0,55.0,65.0,42.0,11,0.07,0.06,1.5,1,35.0,1.05,140.0,86.0,0.3,125.0,0.035,2638.1894486164947,99365.1157756969,96310.72859510264,111340.85757060786,162104.69514088705,170575.99581435978,171299.06021302138,1.6831426519716932,0.00022041353463393153,9.336620480513835e-07,0.0010580627862128874,0.00103812151556475,0.763661,0.75,0.8487322,0.0,1.0,0.80375,74.61173128286117,57.9372972366473,0.0,0.05,556.0763734871908,4.744293364007246,70.604025,0.6998787725559514,0.9571574563500113,58.837500000000006,205.9875,0.015625,2.8125,11.25,59.625,11.925,0,0
lora_sft,sequence_len,23,compute_top,memory_bottom,1.0,1.0,180.0,80,8192,64,4,2048,8,16,1,lora_sft,64,0.35,1.2,0.45,0.2,0.92,2,1,64.0,192.0,2048.0,768.0,6400.0,4800.0,4800.0,6.0,1100.0,0.68,520.0,140.0,55.0,65.0,42.0,23,0.07,0.06,1.5,1,35.0,1.05,140.0,86.0,0.3,125.0,0.035,2327.535775392608,112627.26990986062,111227.45469978529,120205.07572010586,172637.65282017778,183027.37513939754,184253.94546841888,1.5521136691129465,0.0001960838111463227,8.237209121223456e-07,0.0009334731396236692,0.0009158800054897022,0.763661,0.75,0.8487322,0.0,1.0,0.80375,74.3238022529348,57.67041798908055,0.0,0.03333333333333333,551.8832708934007,4.217442162406449,71.80118327217633,0.7238353193473963,1.0759495352258324,58.837500000000006,205.9875,0.015625,2.8125,11.25,59.625,11.925,0,0
lora_sft,sequence_len,37,compute_top,memory_bottom,1.0,1.0,180.0,80,8192,64,4,2048,8,16,1,lora_sft,64,0.35,1.2,0.45,0.2,0.92,2,1,64.0,192.0,2048.0,768.0,6400.0,4800.0,4800.0,6.0,1100.0,0.68,520.0,140.0,55.0,65.0,42.0,37,0.07,0.06,1.5,1,35.0,1.05,140.0,86.0,0.3,125.0,0.035,2555.809310911595,102567.9024177667,100434.33815495431,112332.38114428049,148322.33581433652,158792.35419161574,160093.8144512889,1.4768090131235654,0.00021232212510178912,9.045075049124714e-07,0.001025023704021744,0.001005705119747728,0.763661,0.75,0.8487322,0.0,1.0,0.80375,74.4383855055102,57.893189717488234,0.0,0.05,558.9604988940567,4.572432785444492,73.68379967191086,0.7614787162694113,0.993643013233809,58.837500000000006,205.9875,0.015625,2.8125,11.25,59.625,11.925,0,0
lora_sft,sequence_len,11,compute_top,memory_bottom,1.0,1.0,180.0,80,8192,64,4,4096,8,16,1,lora_sft,64,0.35,1.2,0.45,0.2,0.92,2,1,64.0,192.0,2048.0,768.0,6400.0,4800.0,4800.0,6.0,1100.0,0.68,520.0,140.0,55.0,65.0,42.0,11,0.07,0.06,1.5,1,35.0,1.05,140.0,86.0,0.3,125.0,0.035,2638.120561555883,198735.42082958898,192626.48695502727,222687.52984469503,324217.85609347536,341160.899848559,342607.0664074476,1.6831426519716932,0.00026139823372626656,4.913882467068513e-07,0.0009290469231869836,0.0009111080653656074,0.584786,0.75,0.8129572,0.0,1.0,0.80375,74.11427852593151,57.64924565754801,0.0,0.05,544.4237849308504,4.8457114376275126,66.13215,0.6998562309714507,0.9571574563500113,106.53750000000001,217.9125,0.015625,2.8125,11.25,119.25,23.85,0,0
lora_sft,sequence_len,23,compute_top,memory_bottom,1.0,1.0,180.0,80,8192,64,4,4096,8,16,1,lora_sft,64,0.35,1.2,0.45,0.2,0.92,2,1,64.0,192.0,2048.0,768.0,6400.0,4800.0,4800.0,6.0,1100.0,0.68,520.0,140.0,55.0,65.0,42.0,23,0.07,0.06,1.5,1,35.0,1.05,140.0,86.0,0.3,125.0,0.035,2327.4817083304515,225259.77244997647,222460.07699481762,240415.73613312445,345283.3263355749,366063.25367749645,368516.45132164046,1.5521136691129462,0.00023254520060963032,4.3352725139454967e-07,0.0008196515926562159,0.0008038250364115803,0.584786,0.75,0.8129572,0.0,1.0,0.80375,73.8299653715324,57.385717937752716,0.0,0.03333333333333333,540.2337100468442,4.308286700821823,67.32930827217635,0.7238152655831915,1.0759495352258324,106.53750000000001,217.9125,0.015625,2.8125,11.25,119.25,23.85,0,0
lora_sft,sequence_len,37,compute_top,memory_bottom,1.0,1.0,180.0,80,8192,64,4,4096,8,16,1,lora_sft,64,0.35,1.2,0.45,0.2,0.92,2,1,64.0,192.0,2048.0,768.0,6400.0,4800.0,4800.0,6.0,1100.0,0.68,520.0,140.0,55.0,65.0,42.0,37,0.07,0.06,1.5,1,35.0,1.05,140.0,86.0,0.3,125.0,0.035,2555.7450247445645,205140.9647378264,200873.72887859264,224670.41341427754,296652.133307645,317592.69677933963,320195.6827714861,1.4768090131235652,0.00025180251192521714,4.7604460730116156e-07,0.0009000373547329566,0.0008826586392585043,0.584786,0.75,0.8129572,0.0,1.0,0.80375,73.94310966264246,57.60569205023011,0.0,0.05,547.3087132226701,4.669658938363678,69.21192467191088,0.7614570020566586,0.993643013233809,106.53750000000001,217.9125,0.015625,2.8125,11.25,119.25,23.85,0,0
lora_sft,sequence_len,11,compute_top,memory_bottom,1.0,1.0,180.0,80,8192,64,4,8192,8,16,1,lora_sft,64,0.35,1.2,0.45,0.2,0.92,2,1,64.0,192.0,2048.0,768.0,6400.0,4800.0,4800.0,6.0,1100.0,0.68,520.0,140.0,55.0,65.0,42.0,11,0.07,0.06,1.5,1,35.0,1.05,140.0,86.0,0.3,125.0,0.035,2637.854828440557,397510.88221177645,385291.7836549434,445419.92603336915,648501.0345238853,682390.5356622414,685283.1601488543,1.6831426519716932,0.00036953882812521373,2.702363125313644e-07,0.0008644657206313324,0.0008475295150004135,0.2270359999999999,0.75,0.7414072,0.0,1.0,0.80375,73.11937301207215,57.07314249934937,0.0,0.05,521.1127806774037,5.061965329293138,22.87536,0.24492886377558587,0.9571574563500113,201.9375,241.7625,0.015625,2.8125,11.25,238.5,47.7,1,0
lora_sft,sequence_len,23,compute_top,memory_bottom,1.0,1.0,180.0,80,8192,64,4,8192,8,16,1,lora_sft,64,0.35,1.2,0.45,0.2,0.92,2,1,64.0,192.0,2048.0,768.0,6400.0,4800.0,4800.0,6.0,1100.0,0.68,520.0,140.0,55.0,65.0,42.0,23,0.07,0.06,1.5,1,35.0,1.05,140.0,86.0,0.3,125.0,0.035,2327.2731407142674,450559.9199577321,444960.02723626303,480874.56384505954,690628.5404822727,732192.1197138141,737098.954707761,1.5521136691129462,0.00032875293437762445,2.3841862145678085e-07,0.0007626833103180528,0.000747741177777062,0.2270359999999999,0.75,0.7414072,0.0,1.0,0.80375,72.84229160872752,56.81631783509697,0.0,0.03333333333333333,516.9294464282459,4.5021098271624815,23.354223308870537,0.25331682296536673,1.0759495352258324,201.9375,241.7625,0.015625,2.8125,11.25,238.5,47.7,1,0
lora_sft,sequence_len,37,compute_top,memory_bottom,1.0,1.0,180.0,80,8192,64,4,8192,8,16,1,lora_sft,64,0.35,1.2,0.45,0.2,0.92,2,1,64.0,192.0,2048.0,768.0,6400.0,4800.0,4800.0,6.0,1100.0,0.68,520.0,140.0,55.0,65.0,42.0,37,0.07,0.06,1.5,1,35.0,1.05,140.0,86.0,0.3,125.0,0.035,2555.497038506982,410321.7433633254,401786.443457034,449384.4310039301,593361.8410482097,635247.0321493498,640453.5093228039,1.4768090131235656,0.0003559746671587825,2.6179912894570084e-07,0.0008374758023625469,0.0008210683705104517,0.2270359999999999,0.75,0.7414072,0.0,1.0,0.80375,72.95255797690683,57.03069671571382,0.0,0.05,523.9994963521447,4.876907432730823,24.107269868764345,0.2664898975799479,0.993643013233809,201.9375,241.7625,0.015625,2.8125,11.25,238.5,47.7,1,0
lora_sft,sequence_len,11,compute_top,memory_bottom,1.0,1.0,180.0,80,8192,64,4,16384,8,16,1,lora_sft,64,0.35,1.2,0.45,0.2,0.92,2,1,64.0,192.0,2048.0,768.0,6400.0,4800.0,4800.0,6.0,1100.0,0.68,520.0,140.0,55.0,65.0,42.0,11,0.07,0.06,1.5,1,35.0,1.05,140.0,86.0,0.3,125.0,0.035,2355.3034505550986,890395.6725855187,863025.7741380497,997708.471317227,1452595.4902026404,1528505.5256506717,1534984.7956293058,1.6831426519716932,0.0003414318740472549,1.4258057278216016e-07,0.0007430792305276538,0.0007284039511988693,0.15,0.75,0.7260000000000001,0.0,1.0,0.80375,72.90513530091724,56.94908748077499,0.0,0.05,516.1100639076375,4.563568151960317,22.105000000000004,0.2449342743642459,0.9571574563500113,392.7375,289.4625,0.015625,2.8125,11.25,477.0,95.4,1,0
lora_sft,sequence_len,23,compute_top,memory_bottom,1.0,1.0,180.0,80,8192,64,4,16384,8,16,1,lora_sft,64,0.35,1.2,0.45,0.2,0.92,2,1,64.0,192.0,2048.0,768.0,6400.0,4800.0,4800.0,6.0,1100.0,0.68,520.0,140.0,55.0,65.0,42.0,23,0.07,0.06,1.5,1,35.0,1.05,140.0,86.0,0.3,125.0,0.035,2077.9820393745467,1009225.2773422542,996681.8773757376,1077128.1322779302,1546963.565632036,1640063.3131222795,1651054.308300242,1.5521136691129465,0.00030374705598062724,1.2579265288947666e-07,0.0006555865633809554,0.0006426392011797784,0.15,0.75,0.7260000000000001,0.0,1.0,0.80375,72.62961114474024,56.693706217184506,0.0,0.03333333333333333,511.92618564190053,4.059143872019323,22.583863308870537,0.2533216365969581,1.0759495352258324,392.7375,289.4625,0.015625,2.8125,11.25,477.0,95.4,1,0
lora_sft,sequence_len,37,compute_top,memory_bottom,1.0,1.0,180.0,80,8192,64,4,16384,8,16,1,lora_sft,64,0.35,1.2,0.45,0.2,0.92,2,1,64.0,192.0,2048.0,768.0,6400.0,4800.0,4800.0,6.0,1100.0,0.68,520.0,140.0,55.0,65.0,42.0,37,0.07,0.06,1.5,1,35.0,1.05,140.0,86.0,0.3,125.0,0.035,2281.764639090168,919092.1640525638,899973.6859592282,1006589.8672525682,1329089.250998625,1422909.165623074,1434571.3123404686,1.4768090131235652,0.0003288990077757331,1.381288296923609e-07,0.0007198783289943928,0.0007056612507519695,0.15,0.75,0.7260000000000001,0.0,1.0,0.80375,72.73925779615958,56.906880250054,0.0,0.05,518.9966353563984,4.396492161309033,23.33690986876435,0.2664951096443793,0.993643013233809,392.7375,289.4625,0.015625,2.8125,11.25,477.0,95.4,1,0
lora_sft,micro_batch_size,11,compute_top,memory_bottom,1.0,1.0,180.0,80,8192,64,4,4096,2,16,1,lora_sft,64,0.35,1.2,0.45,0.2,0.92,2,1,64.0,192.0,2048.0,768.0,6400.0,4800.0,4800.0,6.0,1100.0,0.68,520.0,140.0,55.0,65.0,42.0,11,0.07,0.06,1.5,1,35.0,1.05,140.0,86.0,0.3,125.0,0.035,2561.2795096680275,51174.42259044524,49601.37052771318,57342.096896086456,83486.18233144573,87849.02050831272,88221.40877363457,1.6831426519716928,0.0002195053892278515,1.7651792961678842e-06,0.0012776799021901994,0.001254432805093388,0.8530985,0.75,0.8666197000000001,0.0,1.0,0.80375,74.8604576613261,58.08132302619698,0.0,0.05,561.897358425731,4.558269355178977,72.8399625,0.6998792720359246,0.9571574563500113,34.987500000000004,200.025,0.015625,2.8125,11.25,29.8125,5.9625,0,0
lora_sft,micro_batch_size,23,compute_top,memory_bottom,1.0,1.0,180.0,80,8192,64,4,4096,2,16,1,lora_sft,64,0.35,1.2,0.45,0.2,0.92,2,1,64.0,192.0,2048.0,768.0,6400.0,4800.0,4800.0,6.0,1100.0,0.68,520.0,140.0,55.0,65.0,42.0,23,0.07,0.06,1.5,1,35.0,1.05,140.0,86.0,0.3,125.0,0.035,2259.6889469943144,58004.44356482919,57283.521336855556,61907.107722607216,88910.53648185663,94261.3725839991,94893.07154540476,1.5521136691129465,0.00019527649341914965,1.5573295026792143e-06,0.0011272331433870646,0.0011067233910694908,0.8530985,0.75,0.8666197000000001,0.0,1.0,0.80375,74.57072069363606,57.8127680147445,0.0,0.03333333333333333,557.7033670559008,4.051775693812186,74.03712077217634,0.7238357633721463,1.0759495352258324,34.987500000000004,200.025,0.015625,2.8125,11.25,29.8125,5.9625,0,0
lora_sft,micro_batch_size,37,compute_top,memory_bottom,1.0,1.0,180.0,80,8192,64,4,4096,2,16,1,lora_sft,64,0.35,1.2,0.45,0.2,0.92,2,1,64.0,192.0,2048.0,768.0,6400.0,4800.0,4800.0,6.0,1100.0,0.68,520.0,140.0,55.0,65.0,42.0,37,0.07,0.06,1.5,1,35.0,1.05,140.0,86.0,0.3,125.0,0.035,2481.3034332461234,52823.849853996806,51725.03555034061,57852.68778470762,76387.99870487984,81780.19904916792,82450.46859477977,1.4768090131235652,0.0002114475283619147,1.7100614873712241e-06,0.0012377842855210376,0.0012152630801541154,0.8530985,0.75,0.8666197000000001,0.0,1.0,0.80375,74.68602342694412,58.03693855111731,0.0,0.05,564.7812481395639,4.393388486993401,75.91973717191087,0.7614791972976184,0.993643013233809,34.987500000000004,200.025,0.015625,2.8125,11.25,29.8125,5.9625,0,0
lora_sft,micro_batch_size,11,compute_top,memory_bottom,1.0,1.0,180.0,80,8192,64,4,4096,4,16,1,lora_sft,64,0.35,1.2,0.45,0.2,0.92,2,1,64.0,192.0,2048.0,768.0,6400.0,4800.0,4800.0,6.0,1100.0,0.68,520.0,140.0,55.0,65.0,42.0,11,0.07,0.06,1.5,1,35.0,1.05,140.0,86.0,0.3,125.0,0.035,2586.472931415643,101351.92091746419,98236.46127589629,113567.1176276023,165345.9779522266,173986.6622529826,174724.18432176192,1.6831426519716928,0.0002160927026398958,9.15359439270519e-07,0.0010373215455444223,0.0010177711843008474,0.763661,0.75,0.8487322,0.0,1.0,0.80375,74.61173128286117,57.9372972366473,0.0,0.05,556.076859235821,4.651286757319948,70.604025,0.6998811490135481,0.9571574563500113,58.837500000000006,205.9875,0.015625,2.8125,11.25,59.625,11.925,0,0
lora_sft,micro_batch_size,23,compute_top,memory_bottom,1.0,1.0,180.0,80,8192,64,4,4096,4,16,1,lora_sft,64,0.35,1.2,0.45,0.2,0.92,2,1,64.0,192.0,2048.0,768.0,6400.0,4800.0,4800.0,6.0,1100.0,0.68,520.0,140.0,55.0,65.0,42.0,23,0.07,0.06,1.5,1,35.0,1.05,140.0,86.0,0.3,125.0,0.035,2281.907777093066,114879.3139808422,113451.50869743165,122608.64217691522,176089.63743076997,186687.10794957646,187938.20422546065,1.5521136691129462,0.0001922398178567773,8.075730458790111e-07,0.0009151737384811745,0.0008979254924914995,0.763661,0.75,0.8487322,0.0,1.0,0.80375,74.3238022529348,57.67041798908055,0.0,0.03333333333333333,551.8836994554699,4.134762051034609,71.80118327217635,0.7238374335437057,1.0759495352258324,58.837500000000006,205.9875,0.015625,2.8125,11.25,59.625,11.925,0,0
lora_sft,micro_batch_size,37,compute_top,memory_bottom,1.0,1.0,180.0,80,8192,64,4,4096,4,16,1,lora_sft,64,0.35,1.2,0.45,0.2,0.92,2,1,64.0,192.0,2048.0,768.0,6400.0,4800.0,4800.0,6.0,1100.0,0.68,520.0,140.0,55.0,65.0,42.0,37,0.07,0.06,1.5,1,35.0,1.05,140.0,86.0,0.3,125.0,0.035,2505.70724311874,104618.76610681832,102442.54084215529,114578.4873447872,151288.06764297388,161967.43592414606,163294.91911620245,1.4768090131235654,0.00020815987392725277,8.86776253939719e-07,0.0010049299486351718,0.0009859900706342829,0.763661,0.75,0.8487322,0.0,1.0,0.80375,74.4383855055102,57.893189717488234,0.0,0.05,558.9609694789317,4.482794649248197,73.68379967191086,0.7614810055075574,0.993643013233809,58.837500000000006,205.9875,0.015625,2.8125,11.25,59.625,11.925,0,0
lora_sft,micro_batch_size,11,compute_top,memory_bottom,1.0,1.0,180.0,80,8192,64,4,4096,8,16,1,lora_sft,64,0.35,1.2,0.45,0.2,0.92,2,1,64.0,192.0,2048.0,768.0,6400.0,4800.0,4800.0,6.0,1100.0,0.68,520.0,140.0,55.0,65.0,42.0,11,0.07,0.06,1.5,1,35.0,1.05,140.0,86.0,0.3,125.0,0.035,2638.120561555883,198735.42082958898,192626.48695502727,222687.52984469503,324217.85609347536,341160.899848559,342607.0664074476,1.6831426519716932,0.00026139823372626656,4.913882467068513e-07,0.0009290469231869836,0.0009111080653656074,0.584786,0.75,0.8129572,0.0,1.0,0.80375,74.11427852593151,57.64924565754801,0.0,0.05,544.4237849308504,4.8457114376275126,66.13215,0.6998562309714507,0.9571574563500113,106.53750000000001,217.9125,0.015625,2.8125,11.25,119.25,23.85,0,0
lora_sft,micro_batch_size,23,compute_top,memory_bottom,1.0,1.0,180.0,80,8192,64,4,4096,8,16,1,lora_sft,64,0.35,1.2,0.45,0.2,0.92,2,1,64.0,192.0,2048.0,768.0,6400.0,4800.0,4800.0,6.0,1100.0,0.68,520.0,140.0,55.0,65.0,42.0,23,0.07,0.06,1.5,1,35.0,1.05,140.0,86.0,0.3,125.0,0.035,2327.4817083304515,225259.77244997647,222460.07699481762,240415.73613312445,345283.3263355749,366063.25367749645,368516.45132164046,1.5521136691129462,0.00023254520060963032,4.3352725139454967e-07,0.0008196515926562159,0.0008038250364115803,0.584786,0.75,0.8129572,0.0,1.0,0.80375,73.8299653715324,57.385717937752716,0.0,0.03333333333333333,540.2337100468442,4.308286700821823,67.32930827217635,0.7238152655831915,1.0759495352258324,106.53750000000001,217.9125,0.015625,2.8125,11.25,119.25,23.85,0,0
lora_sft,micro_batch_size,37,compute_top,memory_bottom,1.0,1.0,180.0,80,8192,64,4,4096,8,16,1,lora_sft,64,0.35,1.2,0.45,0.2,0.92,2,1,64.0,192.0,2048.0,768.0,6400.0,4800.0,4800.0,6.0,1100.0,0.68,520.0,140.0,55.0,65.0,42.0,37,0.07,0.06,1.5,1,35.0,1.05,140.0,86.0,0.3,125.0,0.035,2555.7450247445645,205140.9647378264,200873.72887859264,224670.41341427754,296652.133307645,317592.69677933963,320195.6827714861,1.4768090131235652,0.00025180251192521714,4.7604460730116156e-07,0.0009000373547329566,0.0008826586392585043,0.584786,0.75,0.8129572,0.0,1.0,0.80375,73.94310966264246,57.60569205023011,0.0,0.05,547.3087132226701,4.669658938363678,69.21192467191088,0.7614570020566586,0.993643013233809,106.53750000000001,217.9125,0.015625,2.8125,11.25,119.25,23.85,0,0
lora_sft,micro_batch_size,11,compute_top,memory_bottom,1.0,1.0,180.0,80,8192,64,4,4096,12,16,1,lora_sft,64,0.35,1.2,0.45,0.2,0.92,2,1,64.0,192.0,2048.0,768.0,6400.0,4800.0,4800.0,6.0,1100.0,0.68,520.0,140.0,55.0,65.0,42.0,11,0.07,0.06,1.5,1,35.0,1.05,140.0,86.0,0.3,125.0,0.035,2512.414759059069,313018.3808880858,303396.4997841262,350744.1690312689,510659.58924558334,537345.7436381608,539623.529414185,1.683142651971693,0.00029906600556424043,3.275816014672347e-07,0.0008438307376729951,0.0008273821628787856,0.4059109999999999,0.75,0.7771822,0.0,1.0,0.80375,73.61682576900184,57.3611940784487,0.0,0.05,532.772357543606,4.715737825893933,61.660275,0.6998355136969396,0.9571574563500113,154.23749999999998,229.8375,0.015625,2.8125,11.25,178.875,35.775,0,0
lora_sft,micro_batch_size,23,compute_top,memory_bottom,1.0,1.0,180.0,80,8192,64,4,4096,12,16,1,lora_sft,64,0.35,1.2,0.45,0.2,0.92,2,1,64.0,192.0,2048.0,768.0,6400.0,4800.0,4800.0,6.0,1100.0,0.68,520.0,140.0,55.0,65.0,42.0,23,0.07,0.06,1.5,1,35.0,1.05,140.0,86.0,0.3,125.0,0.035,2216.5856606602965,354794.3190094131,350384.67217525677,378665.6465678569,543836.8391308746,576566.1635466637,580430.0606734481,1.5521136691129462,0.00026605616569352355,2.890098770078658e-07,0.000744472267728143,0.0007299604619462037,0.4059109999999999,0.75,0.7771822,0.0,1.0,0.80375,73.33612849012995,57.10101788642484,0.0,0.03333333333333333,528.5851734690192,4.193431393682881,62.857433272176344,0.7237968345523954,1.0759495352258324,154.23749999999998,229.8375,0.015625,2.8125,11.25,178.875,35.775,0,0
lora_sft,micro_batch_size,37,compute_top,memory_bottom,1.0,1.0,180.0,80,8192,64,4,4096,12,16,1,lora_sft,64,0.35,1.2,0.45,0.2,0.92,2,1,64.0,192.0,2048.0,768.0,6400.0,4800.0,4800.0,6.0,1100.0,0.68,520.0,140.0,55.0,65.0,42.0,37,0.07,0.06,1.5,1,35.0,1.05,140.0,86.0,0.3,125.0,0.035,2433.9672775249014,323107.0554077957,316385.9501669693,353866.8924966493,467241.62283224356,500224.03475843504,504323.8650398469,1.4768090131235656,0.0002880878707393175,3.173532140008045e-07,0.0008174830194179261,0.0008015480338958619,0.4059109999999999,0.75,0.7771822,0.0,1.0,0.80375,73.44783381977466,57.318194382971974,0.0,0.05,535.6580523997329,4.543882550856459,64.74004967191085,0.7614370451093105,0.993643013233809,154.23749999999998,229.8375,0.015625,2.8125,11.25,178.875,35.775,0,0
lora_sft,grad_accum_steps,11,compute_top,memory_bottom,1.0,1.0,180.0,80,8192,64,4,4096,8,8,1,lora_sft,64,0.35,1.2,0.45,0.2,0.92,2,1,64.0,192.0,2048.0,768.0,6400.0,4800.0,4800.0,6.0,1100.0,0.68,520.0,140.0,55.0,65.0,42.0,11,0.07,0.06,1.5,1,35.0,1.05,140.0,86.0,0.3,125.0,0.035,2638.066147894161,99369.76000744208,96315.23006767328,111346.06153722359,162112.27176136736,170583.96837543958,171307.06656944889,1.683142651971693,0.0002820187614154071,9.336184116078366e-07,0.0009674425221797881,0.0009493135997940266,0.5596220000000001,0.75,0.8079244000000001,0.0,1.0,0.80375,74.04429724752272,57.60872277879774,0.0,0.05,542.7814598507382,4.860273135747146,65.50305,0.6998448896812215,0.9571574563500113,106.53750000000001,217.9125,0.015625,2.8125,11.25,119.25,23.85,0,0
lora_sft,grad_accum_steps,23,compute_top,memory_bottom,1.0,1.0,180.0,80,8192,64,4,4096,8,8,1,lora_sft,64,0.35,1.2,0.45,0.2,0.92,2,1,64.0,192.0,2048.0,768.0,6400.0,4800.0,4800.0,6.0,1100.0,0.68,520.0,140.0,55.0,65.0,42.0,23,0.07,0.06,1.5,1,35.0,1.05,140.0,86.0,0.3,125.0,0.035,2327.439000716251,112631.95294026063,111232.07952601157,120210.07383489888,172644.83107618085,183034.98539899534,184261.60672868593,1.5521136691129462,0.0002508902138473118,8.236866633148635e-07,0.0008535280507920274,0.0008375337736829182,0.5596220000000001,0.75,0.8079244000000001,0.0,1.0,0.80375,73.76049277176384,57.34566654939988,0.0,0.03333333333333333,538.5921696655073,4.3213383554419424,66.70020827217634,0.7238051758259109,1.0759495352258324,106.53750000000001,217.9125,0.015625,2.8125,11.25,119.25,23.85,0,0
lora_sft,grad_accum_steps,37,compute_top,memory_bottom,1.0,1.0,180.0,80,8192,64,4,4096,8,8,1,lora_sft,64,0.35,1.2,0.45,0.2,0.92,2,1,64.0,192.0,2048.0,768.0,6400.0,4800.0,4800.0,6.0,1100.0,0.68,520.0,140.0,55.0,65.0,42.0,37,0.07,0.06,1.5,1,35.0,1.05,140.0,86.0,0.3,125.0,0.035,2555.694245226369,102572.52035905444,100438.86003622456,112337.43871422789,148329.0137693527,158799.50354098633,160101.0223966425,1.4768090131235652,0.0002716662820956592,9.0446678286979e-07,0.0009372347575498946,0.0009196718989951798,0.5596220000000001,0.75,0.8079244000000001,0.0,1.0,0.80375,73.87343463086088,57.565247095379604,0.0,0.05,545.6665962183208,4.683618647244145,68.58282467191087,0.7614460769830648,0.993643013233809,106.53750000000001,217.9125,0.015625,2.8125,11.25,119.25,23.85,0,0
lora_sft,grad_accum_steps,11,compute_top,memory_bottom,1.0,1.0,180.0,80,8192,64,4,4096,8,16,1,lora_sft,64,0.35,1.2,0.45,0.2,0.92,2,1,64.0,192.0,2048.0,768.0,6400.0,4800.0,4800.0,6.0,1100.0,0.68,520.0,140.0,55.0,65.0,42.0,11,0.07,0.06,1.5,1,35.0,1.05,140.0,86.0,0.3,125.0,0.035,2638.120561555883,198735.42082958898,192626.48695502727,222687.52984469503,324217.85609347536,341160.899848559,342607.0664074476,1.6831426519716932,0.00026139823372626656,4.913882467068513e-07,0.0009290469231869836,0.0009111080653656074,0.584786,0.75,0.8129572,0.0,1.0,0.80375,74.11427852593151,57.64924565754801,0.0,0.05,544.4237849308504,4.8457114376275126,66.13215,0.6998562309714507,0.9571574563500113,106.53750000000001,217.9125,0.015625,2.8125,11.25,119.25,23.85,0,0
lora_sft,grad_accum_steps,23,compute_top,memory_bottom,1.0,1.0,180.0,80,8192,64,4,4096,8,16,1,lora_sft,64,0.35,1.2,0.45,0.2,0.92,2,1,64.0,192.0,2048.0,768.0,6400.0,4800.0,4800.0,6.0,1100.0,0.68,520.0,140.0,55.0,65.0,42.0,23,0.07,0.06,1.5,1,35.0,1.05,140.0,86.0,0.3,125.0,0.035,2327.4817083304515,225259.77244997647,222460.07699481762,240415.73613312445,345283.3263355749,366063.25367749645,368516.45132164046,1.5521136691129462,0.00023254520060963032,4.3352725139454967e-07,0.0008196515926562159,0.0008038250364115803,0.584786,0.75,0.8129572,0.0,1.0,0.80375,73.8299653715324,57.385717937752716,0.0,0.03333333333333333,540.2337100468442,4.308286700821823,67.32930827217635,0.7238152655831915,1.0759495352258324,106.53750000000001,217.9125,0.015625,2.8125,11.25,119.25,23.85,0,0
lora_sft,grad_accum_steps,37,compute_top,memory_bottom,1.0,1.0,180.0,80,8192,64,4,4096,8,16,1,lora_sft,64,0.35,1.2,0.45,0.2,0.92,2,1,64.0,192.0,2048.0,768.0,6400.0,4800.0,4800.0,6.0,1100.0,0.68,520.0,140.0,55.0,65.0,42.0,37,0.07,0.06,1.5,1,35.0,1.05,140.0,86.0,0.3,125.0,0.035,2555.7450247445645,205140.9647378264,200873.72887859264,224670.41341427754,296652.133307645,317592.69677933963,320195.6827714861,1.4768090131235652,0.00025180251192521714,4.7604460730116156e-07,0.0009000373547329566,0.0008826586392585043,0.584786,0.75,0.8129572,0.0,1.0,0.80375,73.94310966264246,57.60569205023011,0.0,0.05,547.3087132226701,4.669658938363678,69.21192467191088,0.7614570020566586,0.993643013233809,106.53750000000001,217.9125,0.015625,2.8125,11.25,119.25,23.85,0,0
lora_sft,grad_accum_steps,11,compute_top,memory_bottom,1.0,1.0,180.0,80,8192,64,4,4096,8,24,1,lora_sft,64,0.35,1.2,0.45,0.2,0.92,2,1,64.0,192.0,2048.0,768.0,6400.0,4800.0,4800.0,6.0,1100.0,0.68,520.0,140.0,55.0,65.0,42.0,11,0.07,0.06,1.5,1,35.0,1.05,140.0,86.0,0.3,125.0,0.035,2638.137980629817,298101.1629316867,288937.82262386533,334029.0892281881,486323.5730260593,511737.97085161746,513907.2063668469,1.683142651971693,0.00025479712501569134,3.4397404388354566e-07,0.0009162477883811274,0.000898372292030846,0.5931740000000001,0.75,0.8146348000000001,0.0,1.0,0.80375,74.13760561873444,57.66275328379808,0.0,0.05,544.9710886067613,4.840876948856707,66.34185000000001,0.6998598615812415,0.9571574563500113,106.53750000000001,217.9125,0.015625,2.8125,11.25,119.25,23.85,0,0
lora_sft,grad_accum_steps,23,compute_top,memory_bottom,1.0,1.0,180.0,80,8192,64,4,4096,8,24,1,lora_sft,64,0.35,1.2,0.45,0.2,0.92,2,1,64.0,192.0,2048.0,768.0,6400.0,4800.0,4800.0,6.0,1100.0,0.68,520.0,140.0,55.0,65.0,42.0,23,0.07,0.06,1.5,1,35.0,1.05,140.0,86.0,0.3,125.0,0.035,2327.4953799862424,337887.67391866894,333688.15540395334,360621.4859047035,517921.947223561,549091.6551452007,552771.4299963746,1.5521136691129462,0.0002266725544510785,3.0347085855721866e-07,0.0008083589675891661,0.0007925883234925642,0.5931740000000001,0.75,0.8146348000000001,0.0,1.0,0.80375,73.85312290478866,57.399068400537004,0.0,0.03333333333333333,540.7807684009185,4.303953683243239,67.53900827217635,0.7238184955385788,1.0759495352258324,106.53750000000001,217.9125,0.015625,2.8125,11.25,119.25,23.85,0,0
lora_sft,grad_accum_steps,37,compute_top,memory_bottom,1.0,1.0,180.0,80,8192,64,4,4096,8,24,1,lora_sft,64,0.35,1.2,0.45,0.2,0.92,2,1,64.0,192.0,2048.0,768.0,6400.0,4800.0,4800.0,6.0,1100.0,0.68,520.0,140.0,55.0,65.0,42.0,37,0.07,0.06,1.5,1,35.0,1.05,140.0,86.0,0.3,125.0,0.035,2555.761280428701,307709.4899364328,301308.67685962294,337003.4766282212,444975.369718627,476386.0151403823,480290.4692945231,1.4768090131235654,0.0002454436651871347,3.3323334461079734e-07,0.0008876376588399164,0.0008703203305667429,0.5931740000000001,0.75,0.8146348000000001,0.0,1.0,0.80375,73.96633467323628,57.61917370184694,0.0,0.05,547.8559518469921,4.665024212682984,69.42162467191086,0.7614604994223644,0.993643013233809,106.53750000000001,217.9125,0.015625,2.8125,11.25,119.25,23.85,0,0
lora_sft,grad_accum_steps,11,compute_top,memory_bottom,1.0,1.0,180.0,80,8192,64,4,4096,8,32,1,lora_sft,64,0.35,1.2,0.45,0.2,0.92,2,1,64.0,192.0,2048.0,768.0,6400.0,4800.0,4800.0,6.0,1100.0,0.68,520.0,140.0,55.0,65.0,42.0,11,0.07,0.06,1.5,1,35.0,1.05,140.0,86.0,0.3,125.0,0.035,2638.14641254207,397466.94687411655,385249.19884690427,445370.6954947186,648429.3582171486,682315.1136802483,685207.4184562841,1.683142651971693,0.0002516017789465813,2.7026618400553957e-07,0.0009098480618176656,0.0008920042483950794,0.5973680000000001,0.75,0.8154736000000001,0.0,1.0,0.80375,74.14926916513592,57.66950709692314,0.0,0.05,545.2446871459333,4.838463307824909,66.4467,0.6998616190215794,0.9571574563500113,106.53750000000001,217.9125,0.015625,2.8125,11.25,119.25,23.85,0,0
lora_sft,grad_accum_steps,23,compute_top,memory_bottom,1.0,1.0,180.0,80,8192,64,4,4096,8,32,1,lora_sft,64,0.35,1.2,0.45,0.2,0.92,2,1,64.0,192.0,2048.0,768.0,6400.0,4800.0,4800.0,6.0,1100.0,0.68,520.0,140.0,55.0,65.0,42.0,23,0.07,0.06,1.5,1,35.0,1.05,140.0,86.0,0.3,125.0,0.035,2327.5019979085127,450515.61757723417,444916.2754785948,480827.280704781,690560.6327811482,732120.1251744682,737026.4776921419,1.5521136691129462,0.00022382983251690187,2.384420668426309e-07,0.000802712530133327,0.0007869698438313349,0.5973680000000001,0.75,0.8154736000000001,0.0,1.0,0.80375,73.8647016714167,57.40574363192912,0.0,0.03333333333333333,541.0542505536679,4.30179043141561,67.64385827217635,0.7238200590356426,1.0759495352258324,106.53750000000001,217.9125,0.015625,2.8125,11.25,119.25,23.85,0,0
lora_sft,grad_accum_steps,37,compute_top,memory_bottom,1.0,1.0,180.0,80,8192,64,4,4096,8,32,1,lora_sft,64,0.35,1.2,0.45,0.2,0.92,2,1,64.0,192.0,2048.0,768.0,6400.0,4800.0,4800.0,6.0,1100.0,0.68,520.0,140.0,55.0,65.0,42.0,37,0.07,0.06,1.5,1,35.0,1.05,140.0,86.0,0.3,125.0,0.035,2555.7691491852993,410278.056738518,401743.665578718,449336.58540630067,593298.6662919502,635179.3979106033,640385.3207546355,1.4768090131235652,0.0002423655900469499,2.61827005455627e-07,0.0008814376623619432,0.0008641510297351664,0.5973680000000001,0.75,0.8154736000000001,0.0,1.0,0.80375,73.97794717853319,57.625914527655354,0.0,0.05,548.129519524103,4.6627102868027785,69.52647467191088,0.7614621923636916,0.993643013233809,106.53750000000001,217.9125,0.015625,2.8125,11.25,119.25,23.85,0,0
lora_sft,activation_checkpoint_ratio,11,compute_top,memory_bottom,1.0,1.0,180.0,80,8192,64,4,4096,8,16,1,lora_sft,64,0.35,1.2,0.0,0.2,0.92,2,1,64.0,192.0,2048.0,768.0,6400.0,4800.0,4800.0,6.0,1100.0,0.68,520.0,140.0,55.0,65.0,42.0,11,0.07,0.06,1.5,1,35.0,1.05,140.0,86.0,0.3,125.0,0.035,2962.8167931783237,176955.92964341774,171516.47618116767,198283.11782152805,288686.6965764103,303772.9456514596,305060.6262610818,1.6831426519716932,0.0005340885375473759,5.518676327873625e-07,0.0015011338234625859,0.0014718322540335095,0.402536,0.75,0.7765072000000001,0.0,1.0,0.80375,73.6074398679277,57.35575914299399,0.0,0.05,532.4935235162433,5.5640428706321075,61.5759,0.699706251304349,0.9571574563500113,155.1375,230.0625,0.015625,2.8125,11.25,180.0,36.0,0,0
lora_sft,activation_checkpoint_ratio,23,compute_top,memory_bottom,1.0,1.0,180.0,80,8192,64,4,4096,8,16,1,lora_sft,64,0.35,1.2,0.0,0.2,0.92,2,1,64.0,192.0,2048.0,768.0,6400.0,4800.0,4800.0,6.0,1100.0,0.68,520.0,140.0,55.0,65.0,42.0,23,0.07,0.06,1.5,1,35.0,1.05,140.0,86.0,0.3,125.0,0.035,2614.024170304873,200567.38799735444,198074.58780261938,214061.99475936207,307434.275232358,325936.3615321634,328120.64609560673,1.5521136691129465,0.0004751504588965403,4.868999440790849e-07,0.001324415369329653,0.0012985632778699898,0.402536,0.75,0.7765072000000001,0.0,1.0,0.80375,73.32681081312238,57.095646187343185,0.0,0.03333333333333333,528.3133373844688,4.947867080634712,62.77305827217633,0.7236818326911336,1.0759495352258324,155.1375,230.0625,0.015625,2.8125,11.25,180.0,36.0,0,0
lora_sft,activation_checkpoint_ratio,37,compute_top,memory_bottom,1.0,1.0,180.0,80,8192,64,4,4096,8,16,1,lora_sft,64,0.35,1.2,0.0,0.2,0.92,2,1,64.0,192.0,2048.0,768.0,6400.0,4800.0,4800.0,6.0,1100.0,0.68,520.0,140.0,55.0,65.0,42.0,37,0.07,0.06,1.5,1,35.0,1.05,140.0,86.0,0.3,125.0,0.035,2870.3315228496144,182657.64627756175,178858.09673778556,200046.67987647236,264139.2493324883,282784.7404480926,285102.44084121776,1.4768090131235654,0.0005144877571773217,5.34640908772054e-07,0.001454275452812683,0.001425888541210558,0.402536,0.75,0.7765072000000001,0.0,1.0,0.80375,73.43848899255067,57.31276989868406,0.0,0.05,535.3810737580632,5.361286873108083,64.65567467191086,0.7613125251717697,0.993643013233809,155.1375,230.0625,0.015625,2.8125,11.25,180.0,36.0,0,0
lora_sft,activation_checkpoint_ratio,11,compute_top,memory_bottom,1.0,1.0,180.0,80,8192,64,4,4096,8,16,1,lora_sft,64,0.35,1.2,0.3,0.2,0.92,2,1,64.0,192.0,2048.0,768.0,6400.0,4800.0,4800.0,6.0,1100.0,0.68,520.0,140.0,55.0,65.0,42.0,11,0.07,0.06,1.5,1,35.0,1.05,140.0,86.0,0.3,125.0,0.035,2738.1645240676417,191474.25050308934,185588.5179541461,214551.2244138865,312371.9502848377,328695.9482450577,330089.2764037219,1.6831426519716932,0.00033840671491938316,5.100228868550884e-07,0.001105289774964208,0.0010838504093704144,0.524036,0.75,0.8008072,0.0,1.0,0.80375,73.94533230659691,57.551416819363325,0.0,0.05,540.452698344135,5.066427704879561,64.6134,0.6998138763067943,0.9571574563500113,122.7375,221.9625,0.015625,2.8125,11.25,139.5,27.900000000000002,0,0
lora_sft,activation_checkpoint_ratio,23,compute_top,memory_bottom,1.0,1.0,180.0,80,8192,64,4,4096,8,16,1,lora_sft,64,0.35,1.2,0.3,0.2,0.92,2,1,64.0,192.0,2048.0,768.0,6400.0,4800.0,4800.0,6.0,1100.0,0.68,520.0,140.0,55.0,65.0,42.0,23,0.07,0.06,1.5,1,35.0,1.05,140.0,86.0,0.3,125.0,0.035,2415.766178884594,217027.62650732778,214330.24626509473,231629.7136434822,332664.90493239753,352685.4272873752,355048.9725234878,1.5521136691129462,0.00030105609475350307,4.4997151547755933e-07,0.0009751501901204009,0.0009562351490982168,0.524036,0.75,0.8008072,0.0,1.0,0.80375,73.66224718539571,57.289027354282865,0.0,0.03333333333333333,536.2652530442301,4.5047971412858745,65.81055827217635,0.7237775845914125,1.0759495352258324,122.7375,221.9625,0.015625,2.8125,11.25,139.5,27.900000000000002,0,0
lora_sft,activation_checkpoint_ratio,37,compute_top,memory_bottom,1.0,1.0,180.0,80,8192,64,4,4096,8,16,1,lora_sft,64,0.35,1.2,0.3,0.2,0.92,2,1,64.0,192.0,2048.0,768.0,6400.0,4800.0,4800.0,6.0,1100.0,0.68,520.0,140.0,55.0,65.0,42.0,37,0.07,0.06,1.5,1,35.0,1.05,140.0,86.0,0.3,125.0,0.035,2652.6726620241534,197645.19290515693,193533.88020051047,216461.04304957623,285812.5786248902,305987.98197348625,308495.8558601315,1.4768090131235654,0.0003259850014044338,4.94098786641686e-07,0.0010707800586455755,0.001050010079887209,0.524036,0.75,0.8008072,0.0,1.0,0.80375,73.77490277261185,57.508051333048094,0.0,0.05,543.3383238967896,4.88217478016155,67.69317467191087,0.7614162016874448,0.993643013233809,122.7375,221.9625,0.015625,2.8125,11.25,139.5,27.900000000000002,0,0
lora_sft,activation_checkpoint_ratio,11,compute_top,memory_bottom,1.0,1.0,180.0,80,8192,64,4,4096,8,16,1,lora_sft,64,0.35,1.2,0.6,0.2,0.92,2,1,64.0,192.0,2048.0,768.0,6400.0,4800.0,4800.0,6.0,1100.0,0.68,520.0,140.0,55.0,65.0,42.0,11,0.07,0.06,1.5,1,35.0,1.05,140.0,86.0,0.3,125.0,0.035,2545.1129412436712,205997.9309773995,199665.75459241308,230825.33657555818,336065.9476926034,353628.15146804194,355127.16617682506,1.683142651971693,0.00019632151149270283,4.740642274252459e-07,0.0007652238568711376,0.0007505388236575504,0.645536,0.75,0.8251072,0.0,1.0,0.80375,74.28322474526614,57.74707449573269,0.0,0.05,548.3900029639625,4.6410637091991696,67.6509,0.6998920231686789,0.9571574563500113,90.33750000000002,213.8625,0.015625,2.8125,11.25,99.00000000000001,19.800000000000004,0,0
lora_sft,activation_checkpoint_ratio,23,compute_top,memory_bottom,1.0,1.0,180.0,80,8192,64,4,4096,8,16,1,lora_sft,64,0.35,1.2,0.6,0.2,0.92,2,1,64.0,192.0,2048.0,768.0,6400.0,4800.0,4800.0,6.0,1100.0,0.68,520.0,140.0,55.0,65.0,42.0,23,0.07,0.06,1.5,1,35.0,1.05,140.0,86.0,0.3,125.0,0.035,2245.4094772474095,233493.2694070176,230591.24194752442,249203.20053632348,357903.81860448327,379443.2755627069,381986.1403281412,1.5521136691129462,0.00017465035610381876,4.182401070832107e-07,0.0006751138122753201,0.0006621580364364023,0.645536,0.75,0.8251072,0.0,1.0,0.80375,73.99768355766906,57.482408521222524,0.0,0.03333333333333333,544.1978714290402,4.1260901505385545,68.84805827217633,0.7238471077476698,1.0759495352258324,90.33750000000002,213.8625,0.015625,2.8125,11.25,99.00000000000001,19.800000000000004,0,0
lora_sft,activation_checkpoint_ratio,37,compute_top,memory_bottom,1.0,1.0,180.0,80,8192,64,4,4096,8,16,1,lora_sft,64,0.35,1.2,0.6,0.2,0.92,2,1,64.0,192.0,2048.0,768.0,6400.0,4800.0,4800.0,6.0,1100.0,0.68,520.0,140.0,55.0,65.0,42.0,37,0.07,0.06,1.5,1,35.0,1.05,140.0,86.0,0.3,125.0,0.035,2465.635635899664,212638.06880723362,208214.88208091556,232881.24284484127,307493.6145235564,329199.4741116068,331897.5891136966,1.476809013123565,0.00018911424899619497,4.5926042569794954e-07,0.0007413278917280946,0.0007271014341831113,0.645536,0.75,0.8251072,0.0,1.0,0.80375,74.11131655267297,57.7033327674121,0.0,0.05,551.2743858920403,4.47261055292804,70.73067467191086,0.7614914806012696,0.993643013233809,90.33750000000002,213.8625,0.015625,2.8125,11.25,99.00000000000001,19.800000000000004,0,0
lora_sft,activation_checkpoint_ratio,11,compute_top,memory_bottom,1.0,1.0,180.0,80,8192,64,4,4096,8,16,1,lora_sft,64,0.35,1.2,0.8,0.2,0.92,2,1,64.0,192.0,2048.0,768.0,6400.0,4800.0,4800.0,6.0,1100.0,0.68,520.0,140.0,55.0,65.0,42.0,11,0.07,0.06,1.5,1,35.0,1.05,140.0,86.0,0.3,125.0,0.035,2430.8226442030045,215683.36186529917,209053.46473886748,241678.0807461976,351866.80304444826,370254.73118565674,371824.2252594169,1.6831426519716932,0.00012603119689550885,4.527760006865495e-07,0.0005639495332327232,0.0005532621698756324,0.7265360000000001,0.75,0.8413072000000001,0.0,1.0,0.80375,74.50848637104559,57.877512946645574,0.0,0.05,553.6715701970284,4.390369264107199,69.6759,0.6999306828417076,0.9571574563500113,68.73749999999998,208.4625,0.015625,2.8125,11.25,71.99999999999999,14.399999999999999,0,0
lora_sft,activation_checkpoint_ratio,23,compute_top,memory_bottom,1.0,1.0,180.0,80,8192,64,4,4096,8,16,1,lora_sft,64,0.35,1.2,0.8,0.2,0.92,2,1,64.0,192.0,2048.0,768.0,6400.0,4800.0,4800.0,6.0,1100.0,0.68,520.0,140.0,55.0,65.0,42.0,23,0.07,0.06,1.5,1,35.0,1.05,140.0,86.0,0.3,125.0,0.035,2144.560803888616,244473.36678416247,241434.87053403864,260922.0625640559,374734.3627563959,397286.71972434036,399949.16353722336,1.5521136691129465,0.0001121182333077851,3.994555778593973e-07,0.0004975369417536068,0.0004881081582069375,0.7265360000000001,0.75,0.8413072000000001,0.0,1.0,0.80375,74.22130780585134,57.61132929918236,0.0,0.03333333333333333,549.4774878772631,3.902909311486929,70.87305827217634,0.7238815004152075,1.0759495352258324,68.73749999999998,208.4625,0.015625,2.8125,11.25,71.99999999999999,14.399999999999999,0,0
lora_sft,activation_checkpoint_ratio,37,compute_top,memory_bottom,1.0,1.0,180.0,80,8192,64,4,4096,8,16,1,lora_sft,64,0.35,1.2,0.8,0.2,0.92,2,1,64.0,192.0,2048.0,768.0,6400.0,4800.0,4800.0,6.0,1100.0,0.68,520.0,140.0,55.0,65.0,42.0,37,0.07,0.06,1.5,1,35.0,1.05,140.0,86.0,0.3,125.0,0.035,2354.9081959465475,222636.27979317648,218005.1154720278,243831.28492193576,321951.9194361343,344678.38537661213,347503.3653526295,1.4768090131235654,0.00012140408297222194,4.3863583280640605e-07,0.0005463374224676923,0.000535983824839872,0.7265360000000001,0.75,0.8413072000000001,0.0,1.0,0.80375,74.33559240604708,57.833520390321446,0.0,0.05,556.5554358147202,4.231219469628011,72.75567467191087,0.7615287211925826,0.993643013233809,68.73749999999998,208.4625,0.015625,2.8125,11.25,71.99999999999999,14.399999999999999,0,0
lora_sft,activation_offload_ratio,11,compute_top,memory_bottom,1.0,1.0,180.0,80,8192,64,4,4096,8,16,1,lora_sft,64,0.35,1.2,0.45,0.0,0.92,2,1,64.0,192.0,2048.0,768.0,6400.0,4800.0,4800.0,6.0,1100.0,0.68,520.0,140.0,55.0,65.0,42.0,11,0.07,0.06,1.5,1,35.0,1.05,140.0,86.0,0.3,125.0,0.035,2638.728568440218,198689.62888817038,192582.10261342628,222636.2189395794,324143.15091504704,341082.2907114712,342528.1240495678,1.6831426519716932,3.0988766749250425e-05,4.915014968142319e-07,0.00012901796331014353,0.00012707983266644458,0.584786,0.75,0.8529572000000001,0.0,1.0,0.80375,74.670480071066,57.97131590671564,0.0,0.05,544.463546344187,4.846474270239067,67.13215,0.699982956178288,0.9571574563500113,130.3875,194.0625,0.015625,2.8125,11.25,119.25,0.0,0,0
lora_sft,activation_offload_ratio,23,compute_top,memory_bottom,1.0,1.0,180.0,80,8192,64,4,4096,8,16,1,lora_sft,64,0.35,1.2,0.45,0.0,0.92,2,1,64.0,192.0,2048.0,768.0,6400.0,4800.0,4800.0,6.0,1100.0,0.68,520.0,140.0,55.0,65.0,42.0,23,0.07,0.06,1.5,1,35.0,1.05,140.0,86.0,0.3,125.0,0.035,2327.9589010603677,225213.5979553551,222414.4763910483,240366.45491884358,345212.5490151447,365988.2168186992,368440.91159826075,1.5521136691129462,2.7567537700564245e-05,4.3361613546691235e-07,0.00011382319488133936,0.00011211332273405601,0.584786,0.75,0.8529572000000001,0.0,1.0,0.80375,74.38212400901945,57.704040846295406,0.0,0.03333333333333333,540.268789792205,4.308890213620767,68.32930827217635,0.7239280032977916,1.0759495352258324,130.3875,194.0625,0.015625,2.8125,11.25,119.25,0.0,0,0
lora_sft,activation_offload_ratio,37,compute_top,memory_bottom,1.0,1.0,180.0,80,8192,64,4,4096,8,16,1,lora_sft,64,0.35,1.2,0.45,0.0,0.92,2,1,64.0,192.0,2048.0,768.0,6400.0,4800.0,4800.0,6.0,1100.0,0.68,520.0,140.0,55.0,65.0,42.0,37,0.07,0.06,1.5,1,35.0,1.05,140.0,86.0,0.3,125.0,0.035,2556.3124192386554,205095.4320192789,200829.14330802023,224620.54597452452,296586.2889351684,317522.2044771626,320124.61271523294,1.4768090131235654,2.9850941154587875e-05,4.761502927613734e-07,0.00012498830908915786,0.0001231107126232496,0.584786,0.75,0.8529572000000001,0.0,1.0,0.80375,74.4968772018377,57.927142970993906,0.0,0.05,547.3472331704687,4.670366934041857,70.21192467191086,0.7615790754205822,0.993643013233809,130.3875,194.0625,0.015625,2.8125,11.25,119.25,0.0,0,0
lora_sft,activation_offload_ratio,11,compute_top,memory_bottom,1.0,1.0,180.0,80,8192,64,4,4096,8,16,1,lora_sft,64,0.35,1.2,0.45,0.2,0.92,2,1,64.0,192.0,2048.0,768.0,6400.0,4800.0,4800.0,6.0,1100.0,0.68,520.0,140.0,55.0,65.0,42.0,11,0.07,0.06,1.5,1,35.0,1.05,140.0,86.0,0.3,125.0,0.035,2638.120561555883,198735.42082958898,192626.48695502727,222687.52984469503,324217.85609347536,341160.899848559,342607.0664074476,1.6831426519716932,0.00026139823372626656,4.913882467068513e-07,0.0009290469231869836,0.0009111080653656074,0.584786,0.75,0.8129572,0.0,1.0,0.80375,74.11427852593151,57.64924565754801,0.0,0.05,544.4237849308504,4.8457114376275126,66.13215,0.6998562309714507,0.9571574563500113,106.53750000000001,217.9125,0.015625,2.8125,11.25,119.25,23.85,0,0
lora_sft,activation_offload_ratio,23,compute_top,memory_bottom,1.0,1.0,180.0,80,8192,64,4,4096,8,16,1,lora_sft,64,0.35,1.2,0.45,0.2,0.92,2,1,64.0,192.0,2048.0,768.0,6400.0,4800.0,4800.0,6.0,1100.0,0.68,520.0,140.0,55.0,65.0,42.0,23,0.07,0.06,1.5,1,35.0,1.05,140.0,86.0,0.3,125.0,0.035,2327.4817083304515,225259.77244997647,222460.07699481762,240415.73613312445,345283.3263355749,366063.25367749645,368516.45132164046,1.5521136691129462,0.00023254520060963032,4.3352725139454967e-07,0.0008196515926562159,0.0008038250364115803,0.584786,0.75,0.8129572,0.0,1.0,0.80375,73.8299653715324,57.385717937752716,0.0,0.03333333333333333,540.2337100468442,4.308286700821823,67.32930827217635,0.7238152655831915,1.0759495352258324,106.53750000000001,217.9125,0.015625,2.8125,11.25,119.25,23.85,0,0
lora_sft,activation_offload_ratio,37,compute_top,memory_bottom,1.0,1.0,180.0,80,8192,64,4,4096,8,16,1,lora_sft,64,0.35,1.2,0.45,0.2,0.92,2,1,64.0,192.0,2048.0,768.0,6400.0,4800.0,4800.0,6.0,1100.0,0.68,520.0,140.0,55.0,65.0,42.0,37,0.07,0.06,1.5,1,35.0,1.05,140.0,86.0,0.3,125.0,0.035,2555.7450247445645,205140.9647378264,200873.72887859264,224670.41341427754,296652.133307645,317592.69677933963,320195.6827714861,1.4768090131235652,0.00025180251192521714,4.7604460730116156e-07,0.0009000373547329566,0.0008826586392585043,0.584786,0.75,0.8129572,0.0,1.0,0.80375,73.94310966264246,57.60569205023011,0.0,0.05,547.3087132226701,4.669658938363678,69.21192467191088,0.7614570020566586,0.993643013233809,106.53750000000001,217.9125,0.015625,2.8125,11.25,119.25,23.85,0,0
lora_sft,activation_offload_ratio,11,compute_top,memory_bottom,1.0,1.0,180.0,80,8192,64,4,4096,8,16,1,lora_sft,64,0.35,1.2,0.45,0.4,0.92,2,1,64.0,192.0,2048.0,768.0,6400.0,4800.0,4800.0,6.0,1100.0,0.68,520.0,140.0,55.0,65.0,42.0,11,0.07,0.06,1.5,1,35.0,1.05,140.0,86.0,0.3,125.0,0.035,2637.337468057158,198794.4305004798,192683.68272593018,222753.65151436403,324314.1247349945,341262.19931665,342708.79527967976,1.6831426519716934,0.0005581582874086173,4.912423841761719e-07,0.0017285923473050753,0.0016946623904076307,0.584786,0.75,0.7729572,0.0,1.0,0.80375,73.55807698079694,57.32717540838034,0.0,0.05,544.350373384933,4.844926350757154,65.13215,0.6996930129419252,0.9571574563500113,82.6875,241.7625,0.015625,2.8125,11.25,119.25,47.7,0,0
lora_sft,activation_offload_ratio,23,compute_top,memory_bottom,1.0,1.0,180.0,80,8192,64,4,4096,8,16,1,lora_sft,64,0.35,1.2,0.45,0.4,0.92,2,1,64.0,192.0,2048.0,768.0,6400.0,4800.0,4800.0,6.0,1100.0,0.68,520.0,140.0,55.0,65.0,42.0,23,0.07,0.06,1.5,1,35.0,1.05,140.0,86.0,0.3,125.0,0.035,2326.867063521619,225319.27509709616,222518.8400989248,240479.24224677077,345374.53335269913,366159.9497380941,368613.7953974259,1.5521136691129462,0.000496565267419423,4.3341276487738244e-07,0.0015251004651151954,0.0014951647818256648,0.584786,0.75,0.7729572,0.0,1.0,0.80375,73.2778067340454,57.067395029210026,0.0,0.03333333333333333,540.1689391330824,4.30766542640532,66.32930827217635,0.7236700545464462,1.0759495352258324,82.6875,241.7625,0.015625,2.8125,11.25,119.25,47.7,0,0
lora_sft,activation_offload_ratio,37,compute_top,memory_bottom,1.0,1.0,180.0,80,8192,64,4,4096,8,16,1,lora_sft,64,0.35,1.2,0.45,0.4,0.92,2,1,64.0,192.0,2048.0,768.0,6400.0,4800.0,4800.0,6.0,1100.0,0.68,520.0,140.0,55.0,65.0,42.0,37,0.07,0.06,1.5,1,35.0,1.05,140.0,86.0,0.3,125.0,0.035,2555.0142245647467,205199.64036181202,200931.18396270683,224734.6749659137,296736.98349371454,317683.5365084042,320287.26702189725,1.476809013123565,0.000537674598312458,4.75908485160162e-07,0.0016746351535709169,0.0016417643042534414,0.584786,0.75,0.7729572,0.0,1.0,0.80375,73.38934212344714,57.28424112946629,0.0,0.05,547.2375926504741,4.668930385776071,68.21192467191088,0.7612997724091457,0.993643013233809,82.6875,241.7625,0.015625,2.8125,11.25,119.25,47.7,0,0
lora_sft,activation_offload_ratio,11,compute_top,memory_bottom,1.0,1.0,180.0,80,8192,64,4,4096,8,16,1,lora_sft,64,0.35,1.2,0.45,0.6,0.92,2,1,64.0,192.0,2048.0,768.0,6400.0,4800.0,4800.0,6.0,1100.0,0.68,520.0,140.0,55.0,65.0,42.0,11,0.07,0.06,1.5,1,35.0,1.05,140.0,86.0,0.3,125.0,0.035,2636.3794753109864,198866.66730257226,192753.69903886452,222834.5944834367,324431.97217762796,341386.2052553053,342833.3268742402,1.6831426519716928,0.000921197923472244,4.910639441220064e-07,0.002527495120563619,0.0024775868750393326,0.584786,0.75,0.7329572000000001,0.0,1.0,0.80375,73.0018754356625,57.005105159212725,0.0,0.05,544.2433323664745,4.844119015381414,64.13215,0.6994933411420903,0.9571574563500113,58.837500000000006,265.6125,0.015625,2.8125,11.25,119.25,71.55,0,0
lora_sft,activation_offload_ratio,23,compute_top,memory_bottom,1.0,1.0,180.0,80,8192,64,4,4096,8,16,1,lora_sft,64,0.35,1.2,0.45,0.6,0.92,2,1,64.0,192.0,2048.0,768.0,6400.0,4800.0,4800.0,6.0,1100.0,0.68,520.0,140.0,55.0,65.0,42.0,23,0.07,0.06,1.5,1,35.0,1.05,140.0,86.0,0.3,125.0,0.035,2326.115086692738,225392.11537698715,222590.77506581496,240556.98337790868,345486.18459809653,366278.3204066146,368732.95933498454,1.552113669112946,0.0008195761669628364,4.3327269827811756e-07,0.0022300448727290293,0.0021860101182668654,0.584786,0.75,0.7329572000000001,0.0,1.0,0.80375,72.7256480965584,56.74907212066735,0.0,0.03333333333333333,540.0744909388999,4.307026393060838,65.32930827217635,0.7234923985516974,1.0759495352258324,58.837500000000006,265.6125,0.015625,2.8125,11.25,119.25,71.55,0,0
lora_sft,activation_offload_ratio,37,compute_top,memory_bottom,1.0,1.0,180.0,80,8192,64,4,4096,8,16,1,lora_sft,64,0.35,1.2,0.45,0.6,0.92,2,1,64.0,192.0,2048.0,768.0,6400.0,4800.0,4800.0,6.0,1100.0,0.68,520.0,140.0,55.0,65.0,42.0,37,0.07,0.06,1.5,1,35.0,1.05,140.0,86.0,0.3,125.0,0.035,2554.120182877374,205271.4682397432,201001.5177144073,224813.3408679196,296840.85301215266,317794.73813741695,320399.3800581482,1.4768090131235652,0.0008874029776208154,4.7574195691894255e-07,0.0024486331956419622,0.002400282167886164,0.584786,0.75,0.7329572000000001,0.0,1.0,0.80375,72.83557458425182,56.96279020870247,0.0,0.05,547.1338898843065,4.668181280851479,67.21192467191088,0.7611074218005259,0.993643013233809,58.837500000000006,265.6125,0.015625,2.8125,11.25,119.25,71.55,0,0
lora_sft,prefetch_accuracy,11,compute_top,memory_bottom,1.0,1.0,180.0,80,8192,64,4,4096,8,16,1,lora_sft,64,0.35,1.2,0.45,0.2,0.6,2,1,64.0,192.0,2048.0,768.0,6400.0,4800.0,4800.0,6.0,1100.0,0.68,520.0,140.0,55.0,65.0,42.0,11,0.07,0.06,1.5,1,35.0,1.05,140.0,86.0,0.3,125.0,0.035,2637.2774532817807,198798.9543336009,192688.06750081357,222758.72057160086,324321.50493662,341269.9651943779,342716.5940766334,1.6831426519716932,0.0005809014055568266,4.91231205553148e-07,0.0009335790113792913,0.0009155493065936282,0.26133,0.75,0.572266,0.0,1.0,0.80375,70.76745809242452,55.71125878863653,0.0,0.05,523.2377665197183,5.040304087419871,53.64575000000001,0.6996805042269438,0.9571574563500113,106.53750000000001,217.9125,0.015625,2.8125,11.25,119.25,23.85,0,0
lora_sft,prefetch_accuracy,23,compute_top,memory_bottom,1.0,1.0,180.0,80,8192,64,4,4096,8,16,1,lora_sft,64,0.35,1.2,0.45,0.2,0.6,2,1,64.0,192.0,2048.0,768.0,6400.0,4800.0,4800.0,6.0,1100.0,0.68,520.0,140.0,55.0,65.0,42.0,23,0.07,0.06,1.5,1,35.0,1.05,140.0,86.0,0.3,125.0,0.035,2326.819956667211,225323.8367230427,222523.3450296022,240484.11078875666,345381.525517182,366167.3627067653,368621.2580446078,1.5521136691129465,0.0005167999699162853,4.3340399054199666e-07,0.0008236790831771782,0.000807771816061276,0.26133,0.75,0.572266,0.0,1.0,0.80375,70.50747224535453,55.47027986663694,0.0,0.03333333333333333,519.0666873591654,4.482699455257433,54.84290827217634,0.7236589254600728,1.0759495352258324,106.53750000000001,217.9125,0.015625,2.8125,11.25,119.25,23.85,0,0
lora_sft,prefetch_accuracy,37,compute_top,memory_bottom,1.0,1.0,180.0,80,8192,64,4,4096,8,16,1,lora_sft,64,0.35,1.2,0.45,0.2,0.6,2,1,64.0,192.0,2048.0,768.0,6400.0,4800.0,4800.0,6.0,1100.0,0.68,520.0,140.0,55.0,65.0,42.0,37,0.07,0.06,1.5,1,35.0,1.05,140.0,86.0,0.3,125.0,0.035,2554.958216791401,205204.13858603835,200935.5886172078,224739.6014217186,296743.4883271814,317690.5005156398,320294.28810605395,1.4768090131235654,0.0005595835406777467,4.758980528994278e-07,0.0009044385387587278,0.0008869716081060087,0.26133,0.75,0.572266,0.0,1.0,0.80375,70.61093532439334,55.671431853736394,0.0,0.05,526.127731458,4.856155766036369,56.72552467191087,0.7612877224908445,0.993643013233809,106.53750000000001,217.9125,0.015625,2.8125,11.25,119.25,23.85,0,0
lora_sft,prefetch_accuracy,11,compute_top,memory_bottom,1.0,1.0,180.0,80,8192,64,4,4096,8,16,1,lora_sft,64,0.35,1.2,0.45,0.2,0.75,2,1,64.0,192.0,2048.0,768.0,6400.0,4800.0,4800.0,6.0,1100.0,0.68,520.0,140.0,55.0,65.0,42.0,11,0.07,0.06,1.5,1,35.0,1.05,140.0,86.0,0.3,125.0,0.035,2637.6765104964493,198768.87780348823,192658.91549403383,222725.01913997316,324272.4379506184,341218.33405567723,342664.74407572957,1.683142651971693,0.00042967522293597347,4.913055357516649e-07,0.0009314563391208665,0.0009134691849051646,0.41294999999999993,0.75,0.68509,0.0,1.0,0.80375,72.33628017063091,56.61969013343879,0.0,0.05,533.1694517724484,4.947163611358185,59.49875,0.6997636786273853,0.9571574563500113,106.53750000000001,217.9125,0.015625,2.8125,11.25,119.25,23.85,0,0
lora_sft,prefetch_accuracy,23,compute_top,memory_bottom,1.0,1.0,180.0,80,8192,64,4,4096,8,16,1,lora_sft,64,0.35,1.2,0.45,0.2,0.75,2,1,64.0,192.0,2048.0,768.0,6400.0,4800.0,4800.0,6.0,1100.0,0.68,520.0,140.0,55.0,65.0,42.0,23,0.07,0.06,1.5,1,35.0,1.05,140.0,86.0,0.3,125.0,0.035,2327.1331805912005,225293.50892878693,222493.39417165783,240451.7424750449,345335.0383811649,366118.07787032344,368571.64292250236,1.5521136691129465,0.00038225494464344463,4.3346233304426087e-07,0.0008217925679719533,0.0008059231073943588,0.41294999999999993,0.75,0.68509,0.0,1.0,0.80375,72.06489089825044,56.36814146247247,0.0,0.03333333333333333,528.9893826170701,4.399205838646838,60.69590827217633,0.7237329252239729,1.0759495352258324,106.53750000000001,217.9125,0.015625,2.8125,11.25,119.25,23.85,0,0
lora_sft,prefetch_accuracy,37,compute_top,memory_bottom,1.0,1.0,180.0,80,8192,64,4,4096,8,16,1,lora_sft,64,0.35,1.2,0.45,0.2,0.75,2,1,64.0,192.0,2048.0,768.0,6400.0,4800.0,4800.0,6.0,1100.0,0.68,520.0,140.0,55.0,65.0,42.0,37,0.07,0.06,1.5,1,35.0,1.05,140.0,86.0,0.3,125.0,0.035,2555.3306284258188,205174.23231567547,200906.30444155663,224706.84807021377,296700.24119263777,317644.20058199513,320247.6086986999,1.4768090131235652,0.0004139047438383239,4.759674199718645e-07,0.0009023771121762584,0.0008849515006948298,0.41294999999999993,0.75,0.68509,0.0,1.0,0.80375,72.1728920454476,56.57811632084282,0.0,0.05,536.0570331717864,4.766900665972477,62.57852467191086,0.7613678458291063,0.993643013233809,106.53750000000001,217.9125,0.015625,2.8125,11.25,119.25,23.85,0,0
lora_sft,prefetch_accuracy,11,compute_top,memory_bottom,1.0,1.0,180.0,80,8192,64,4,4096,8,16,1,lora_sft,64,0.35,1.2,0.45,0.2,0.9,2,1,64.0,192.0,2048.0,768.0,6400.0,4800.0,4800.0,6.0,1100.0,0.68,520.0,140.0,55.0,65.0,42.0,11,0.07,0.06,1.5,1,35.0,1.05,140.0,86.0,0.3,125.0,0.035,2638.068771775071,198739.32234421,192630.268540877,222691.90157999002,324224.22104191117,341167.5974177861,342613.7923673861,1.6831426519716932,0.0002810244190528225,4.913786001084506e-07,0.0009293305877843094,0.0009113860440660981,0.56457,0.75,0.797914,0.0,1.0,0.80375,73.9051022488374,57.52812147824105,0.0,0.05,543.0998324137385,4.857428808347277,65.35175,0.699845436569521,0.9571574563500113,106.53750000000001,217.9125,0.015625,2.8125,11.25,119.25,23.85,0,0
lora_sft,prefetch_accuracy,23,compute_top,memory_bottom,1.0,1.0,180.0,80,8192,64,4,4096,8,16,1,lora_sft,64,0.35,1.2,0.45,0.2,0.9,2,1,64.0,192.0,2048.0,768.0,6400.0,4800.0,4800.0,6.0,1100.0,0.68,520.0,140.0,55.0,65.0,42.0,23,0.07,0.06,1.5,1,35.0,1.05,140.0,86.0,0.3,125.0,0.035,2327.441060124364,225263.7065584747,222463.96220729873,240419.93493693366,345289.35662697424,366069.6468853982,368522.8873740572,1.5521136691129462,0.00025000559713883895,4.3351968007616026e-07,0.0008199036323769999,0.0008040720254447593,0.56457,0.75,0.797914,0.0,1.0,0.80375,73.62230955114629,57.26600305830798,0.0,0.03333333333333333,538.9109246137353,4.318786192342563,66.54890827217635,0.7238056623651005,1.0759495352258324,106.53750000000001,217.9125,0.015625,2.8125,11.25,119.25,23.85,0,0
lora_sft,prefetch_accuracy,37,compute_top,memory_bottom,1.0,1.0,180.0,80,8192,64,4,4096,8,16,1,lora_sft,64,0.35,1.2,0.45,0.2,0.9,2,1,64.0,192.0,2048.0,768.0,6400.0,4800.0,4800.0,6.0,1100.0,0.68,520.0,140.0,55.0,65.0,42.0,37,0.07,0.06,1.5,1,35.0,1.05,140.0,86.0,0.3,125.0,0.035,2555.6966938670266,205144.8441664255,200877.52760933182,224674.66216502452,296657.7433074391,317598.70278692734,320201.7380042411,1.4768090131235654,0.0002707084306433239,4.760356049737011e-07,0.0009003128106898217,0.0008829285743331909,0.56457,0.75,0.797914,0.0,1.0,0.80375,73.73484876650183,57.484800787949226,0.0,0.05,545.9850701825695,4.680891169812461,68.43152467191086,0.7614466038013635,0.993643013233809,106.53750000000001,217.9125,0.015625,2.8125,11.25,119.25,23.85,0,0
lora_sft,prefetch_accuracy,11,compute_top,memory_bottom,1.0,1.0,180.0,80,8192,64,4,4096,8,16,1,lora_sft,64,0.35,1.2,0.45,0.2,0.97,2,1,64.0,192.0,2048.0,768.0,6400.0,4800.0,4800.0,6.0,1100.0,0.68,520.0,140.0,55.0,65.0,42.0,11,0.07,0.06,1.5,1,35.0,1.05,140.0,86.0,0.3,125.0,0.035,2638.2495104741197,198725.7072989204,192617.0720088601,222676.64561408517,324202.0093960153,341144.22503110685,342590.32090615283,1.683142651971693,0.0002125319259857326,4.914122653145567e-07,0.0009283375249106598,0.0009104128864391242,0.635326,0.75,0.8505651999999999,0.0,1.0,0.80375,74.63721921866697,57.95205610581543,0.0,0.05,547.7335653373756,4.816665761297821,68.08314999999999,0.6998831074407079,0.9571574563500113,106.53750000000001,217.9125,0.015625,2.8125,11.25,119.25,23.85,0,0
lora_sft,prefetch_accuracy,23,compute_top,memory_bottom,1.0,1.0,180.0,80,8192,64,4,4096,8,16,1,lora_sft,64,0.35,1.2,0.45,0.2,0.97,2,1,64.0,192.0,2048.0,768.0,6400.0,4800.0,4800.0,6.0,1100.0,0.68,520.0,140.0,55.0,65.0,42.0,23,0.07,0.06,1.5,1,35.0,1.05,140.0,86.0,0.3,125.0,0.035,2327.582915605012,225249.97777091907,222450.40405129312,240405.2824469196,345268.31282771,366047.3366229531,368500.42759788,1.5521136691129465,0.00018907171640017632,4.3354610271845246e-07,0.0008190213072412473,0.0008032073813373077,0.635326,0.75,0.8505651999999999,0.0,1.0,0.80375,74.34910492249772,57.685005136364566,0.0,0.03333333333333333,543.5405844568896,4.282261494660519,69.28030827217633,0.7238391759995066,1.0759495352258324,106.53750000000001,217.9125,0.015625,2.8125,11.25,119.25,23.85,0,0
lora_sft,prefetch_accuracy,37,compute_top,memory_bottom,1.0,1.0,180.0,80,8192,64,4,4096,8,16,1,lora_sft,64,0.35,1.2,0.45,0.2,0.97,2,1,64.0,192.0,2048.0,768.0,6400.0,4800.0,4800.0,6.0,1100.0,0.68,520.0,140.0,55.0,65.0,42.0,37,0.07,0.06,1.5,1,35.0,1.05,140.0,86.0,0.3,125.0,0.035,2555.8653612009957,205131.3061943287,200864.27124710302,224659.83537608132,296638.16619221825,317577.74373044324,320180.60716757755,1.4768090131235647,0.00020472968022871625,4.7606702171284625e-07,0.0008993484937654069,0.0008819835847984701,0.635326,0.75,0.8505651999999999,0.0,1.0,0.80375,74.4637619029938,57.907920205932214,0.0,0.05,550.6177230262889,4.641814555393394,71.16292467191087,0.7614828921140918,0.993643013233809,106.53750000000001,217.9125,0.015625,2.8125,11.25,119.25,23.85,0,0
lora_sft,sram_capacity_mb,11,compute_top,memory_bottom,1.0,1.0,180.0,80,8192,64,4,4096,8,16,1,lora_sft,64,0.35,1.2,0.45,0.2,0.92,2,1,64.0,192.0,2048.0,256.0,6400.0,4800.0,4800.0,6.0,1100.0,0.68,520.0,140.0,55.0,65.0,42.0,11,0.07,0.06,1.5,1,35.0,1.05,140.0,86.0,0.3,125.0,0.035,2637.6861879486582,198768.14853693472,192658.2086444261,222724.20198032082,324271.24822189513,341217.08215386444,342663.48686715815,1.6831426519716932,0.000426007868729172,4.913073383176063e-07,0.0009288939531259536,0.0009109580489855027,0.15,0.75,0.7260000000000001,0.0,1.0,0.80375,72.90513530091724,56.94908748077499,0.0,0.05,516.079312726016,5.111009340823923,55.2625,0.6997656956721989,0.9571574563500113,106.53750000000001,217.9125,0.015625,2.8125,11.25,119.25,23.85,0,0
lora_sft,sram_capacity_mb,23,compute_top,memory_bottom,1.0,1.0,180.0,80,8192,64,4,4096,8,16,1,lora_sft,64,0.35,1.2,0.45,0.2,0.92,2,1,64.0,192.0,2048.0,256.0,6400.0,4800.0,4800.0,6.0,1100.0,0.68,520.0,140.0,55.0,65.0,42.0,23,0.07,0.06,1.5,1,35.0,1.05,140.0,86.0,0.3,125.0,0.035,2327.1407763885054,225292.77356982403,222492.6679522813,240450.95763954378,345333.9112061438,366116.88285937376,368570.439903106,1.5521136691129465,0.0003789921774598087,4.334637478717613e-07,0.0008195315292382293,0.0008037072912840171,0.15,0.75,0.7260000000000001,0.0,1.0,0.80375,72.62961114474024,56.693706217184506,0.0,0.03333333333333333,511.89905395499085,4.546093137716799,56.45965827217634,0.7237347197459238,1.0759495352258324,106.53750000000001,217.9125,0.015625,2.8125,11.25,119.25,23.85,0,0
lora_sft,sram_capacity_mb,37,compute_top,memory_bottom,1.0,1.0,180.0,80,8192,64,4,4096,8,16,1,lora_sft,64,0.35,1.2,0.45,0.2,0.92,2,1,64.0,192.0,2048.0,256.0,6400.0,4800.0,4800.0,6.0,1100.0,0.68,520.0,140.0,55.0,65.0,42.0,37,0.07,0.06,1.5,1,35.0,1.05,140.0,86.0,0.3,125.0,0.035,2555.3396596503244,205173.5071774154,200905.59438724618,224706.0538986894,296699.1925780324,317643.0779460757,320246.4768616698,1.4768090131235656,0.0004103719382052585,4.7596910216851616e-07,0.0008998946003800815,0.0008825186413326467,0.15,0.75,0.7260000000000001,0.0,1.0,0.80375,72.73925779615958,56.906880250054,0.0,0.05,518.9668438503012,4.923897720886821,58.342274671910864,0.7613697888722043,0.993643013233809,106.53750000000001,217.9125,0.015625,2.8125,11.25,119.25,23.85,0,0
lora_sft,sram_capacity_mb,11,compute_top,memory_bottom,1.0,1.0,180.0,80,8192,64,4,4096,8,16,1,lora_sft,64,0.35,1.2,0.45,0.2,0.92,2,1,64.0,192.0,2048.0,512.0,6400.0,4800.0,4800.0,6.0,1100.0,0.68,520.0,140.0,55.0,65.0,42.0,11,0.07,0.06,1.5,1,35.0,1.05,140.0,86.0,0.3,125.0,0.035,2637.8968990175354,198752.2712488373,192642.81940874876,222706.41112023004,324245.34594294534,341189.8262682661,342636.1154450188,1.683142651971693,0.0003461570869088816,4.913465863126396e-07,0.0009289681576460481,0.0009110308206992424,0.36092900000000006,0.75,0.7681858,0.0,1.0,0.80375,73.4917304794856,57.28875725870838,0.0,0.05,529.8301457486715,4.978759551875026,60.535725,0.6998096136022001,0.9571574563500113,106.53750000000001,217.9125,0.015625,2.8125,11.25,119.25,23.85,0,0
lora_sft,sram_capacity_mb,23,compute_top,memory_bottom,1.0,1.0,180.0,80,8192,64,4,4096,8,16,1,lora_sft,64,0.35,1.2,0.45,0.2,0.92,2,1,64.0,192.0,2048.0,512.0,6400.0,4800.0,4800.0,6.0,1100.0,0.68,520.0,140.0,55.0,65.0,42.0,23,0.07,0.06,1.5,1,35.0,1.05,140.0,86.0,0.3,125.0,0.035,2327.306161220782,225276.76364032232,222476.85700605292,240433.8705274299,345309.37082038104,366090.86557798885,368544.2482651509,1.552113669112946,0.0003079512871121783,4.3349455319732093e-07,0.0008195897715611192,0.0008037644090127412,0.36092900000000006,0.75,0.7681858,0.0,1.0,0.80375,73.21194249097277,57.02942388106451,0.0,0.03333333333333333,525.6451255958289,4.427523528507443,61.732883272176345,0.7237737922356153,1.0759495352258324,106.53750000000001,217.9125,0.015625,2.8125,11.25,119.25,23.85,0,0
lora_sft,sram_capacity_mb,37,compute_top,memory_bottom,1.0,1.0,180.0,80,8192,64,4,4096,8,16,1,lora_sft,64,0.35,1.2,0.45,0.2,0.92,2,1,64.0,192.0,2048.0,512.0,6400.0,4800.0,4800.0,6.0,1100.0,0.68,520.0,140.0,55.0,65.0,42.0,37,0.07,0.06,1.5,1,35.0,1.05,140.0,86.0,0.3,125.0,0.035,2555.536299539823,205157.71976880502,200890.13538011443,224688.76352656033,296676.3625769662,317618.63638374745,320221.8349765853,1.4768090131235652,0.000333450972624767,4.7600572920214823e-07,0.0008999638495595835,0.0008825865533878826,0.36092900000000006,0.75,0.7681858,0.0,1.0,0.80375,73.32328596253421,57.24589685638297,0.0,0.05,532.7164143822627,4.797179569740159,63.61549967191087,0.7614120954032738,0.993643013233809,106.53750000000001,217.9125,0.015625,2.8125,11.25,119.25,23.85,0,0
lora_sft,sram_capacity_mb,11,compute_top,memory_bottom,1.0,1.0,180.0,80,8192,64,4,4096,8,16,1,lora_sft,64,0.35,1.2,0.45,0.2,0.92,2,1,64.0,192.0,2048.0,768.0,6400.0,4800.0,4800.0,6.0,1100.0,0.68,520.0,140.0,55.0,65.0,42.0,11,0.07,0.06,1.5,1,35.0,1.05,140.0,86.0,0.3,125.0,0.035,2638.120561555883,198735.42082958898,192626.48695502727,222687.52984469503,324217.85609347536,341160.899848559,342607.0664074476,1.6831426519716932,0.00026139823372626656,4.913882467068513e-07,0.0009290469231869836,0.0009111080653656074,0.584786,0.75,0.8129572,0.0,1.0,0.80375,74.11427852593151,57.64924565754801,0.0,0.05,544.4237849308504,4.8457114376275126,66.13215,0.6998562309714507,0.9571574563500113,106.53750000000001,217.9125,0.015625,2.8125,11.25,119.25,23.85,0,0
lora_sft,sram_capacity_mb,23,compute_top,memory_bottom,1.0,1.0,180.0,80,8192,64,4,4096,8,16,1,lora_sft,64,0.35,1.2,0.45,0.2,0.92,2,1,64.0,192.0,2048.0,768.0,6400.0,4800.0,4800.0,6.0,1100.0,0.68,520.0,140.0,55.0,65.0,42.0,23,0.07,0.06,1.5,1,35.0,1.05,140.0,86.0,0.3,125.0,0.035,2327.4817083304515,225259.77244997647,222460.07699481762,240415.73613312445,345283.3263355749,366063.25367749645,368516.45132164046,1.5521136691129462,0.00023254520060963032,4.3352725139454967e-07,0.0008196515926562159,0.0008038250364115803,0.584786,0.75,0.8129572,0.0,1.0,0.80375,73.8299653715324,57.385717937752716,0.0,0.03333333333333333,540.2337100468442,4.308286700821823,67.32930827217635,0.7238152655831915,1.0759495352258324,106.53750000000001,217.9125,0.015625,2.8125,11.25,119.25,23.85,0,0
lora_sft,sram_capacity_mb,37,compute_top,memory_bottom,1.0,1.0,180.0,80,8192,64,4,4096,8,16,1,lora_sft,64,0.35,1.2,0.45,0.2,0.92,2,1,64.0,192.0,2048.0,768.0,6400.0,4800.0,4800.0,6.0,1100.0,0.68,520.0,140.0,55.0,65.0,42.0,37,0.07,0.06,1.5,1,35.0,1.05,140.0,86.0,0.3,125.0,0.035,2555.7450247445645,205140.9647378264,200873.72887859264,224670.41341427754,296652.133307645,317592.69677933963,320195.6827714861,1.4768090131235652,0.00025180251192521714,4.7604460730116156e-07,0.0009000373547329566,0.0008826586392585043,0.584786,0.75,0.8129572,0.0,1.0,0.80375,73.94310966264246,57.60569205023011,0.0,0.05,547.3087132226701,4.669658938363678,69.21192467191088,0.7614570020566586,0.993643013233809,106.53750000000001,217.9125,0.015625,2.8125,11.25,119.25,23.85,0,0
lora_sft,sram_capacity_mb,11,compute_top,memory_bottom,1.0,1.0,180.0,80,8192,64,4,4096,8,16,1,lora_sft,64,0.35,1.2,0.45,0.2,0.92,2,1,64.0,192.0,2048.0,1024.0,6400.0,4800.0,4800.0,6.0,1100.0,0.68,520.0,140.0,55.0,65.0,42.0,11,0.07,0.06,1.5,1,35.0,1.05,140.0,86.0,0.3,125.0,0.035,2638.2324070486184,198726.99561996481,192618.3207281665,222678.0892069275,324204.1111687403,341146.43663870543,342592.54188866203,1.6831426519716932,0.00021901341699329756,4.91409079553302e-07,0.0009290863109664553,0.0009111466926110756,0.6967145,0.75,0.8353429000000001,0.0,1.0,0.80375,74.42555254915446,57.8294898569678,0.0,0.05,551.7206072522897,4.781826838384184,68.9303625,0.6998795426206537,0.9571574563500113,106.53750000000001,217.9125,0.015625,2.8125,11.25,119.25,23.85,0,0
lora_sft,sram_capacity_mb,23,compute_top,memory_bottom,1.0,1.0,180.0,80,8192,64,4,4096,8,16,1,lora_sft,64,0.35,1.2,0.45,0.2,0.92,2,1,64.0,192.0,2048.0,1024.0,6400.0,4800.0,4800.0,6.0,1100.0,0.68,520.0,140.0,55.0,65.0,42.0,23,0.07,0.06,1.5,1,35.0,1.05,140.0,86.0,0.3,125.0,0.035,2327.5694918167087,225251.27685480358,222451.68698919995,240406.6689359717,345270.30409317184,366049.4477272501,368502.55284988513,1.5521136691129465,0.00019483789132537235,4.335436023430357e-07,0.0008196825067012382,0.0008038553535409416,0.6967145,0.75,0.8353429000000001,0.0,1.0,0.80375,74.13897681181223,57.56386496609681,0.0,0.03333333333333333,547.5280044153483,4.251051038571247,70.12752077217634,0.7238360046032978,1.0759495352258324,106.53750000000001,217.9125,0.015625,2.8125,11.25,119.25,23.85,0,0
lora_sft,sram_capacity_mb,37,compute_top,memory_bottom,1.0,1.0,180.0,80,8192,64,4,4096,8,16,1,lora_sft,64,0.35,1.2,0.45,0.2,0.92,2,1,64.0,192.0,2048.0,1024.0,6400.0,4800.0,4800.0,6.0,1100.0,0.68,520.0,140.0,55.0,65.0,42.0,37,0.07,0.06,1.5,1,35.0,1.05,140.0,86.0,0.3,125.0,0.035,2555.8494001332897,205132.58722233708,200865.52562783172,224661.23835813612,296640.0186729843,317579.72697713575,320182.60666893655,1.476809013123565,0.00021097327985006948,4.760640487323123e-07,0.0009000741118225168,0.0008826946866097433,0.6967145,0.75,0.8353429000000001,0.0,1.0,0.80375,74.25302151269653,57.78558964715365,0.0,0.05,554.6048651908823,4.608415036629051,72.01013717191087,0.7614794581343,0.993643013233809,106.53750000000001,217.9125,0.015625,2.8125,11.25,119.25,23.85,0,0
lora_sft,hbf_latency_us,11,compute_top,memory_bottom,1.0,1.0,180.0,80,8192,64,4,4096,8,16,1,lora_sft,64,0.35,1.2,0.45,0.2,0.92,2,1,64.0,192.0,2048.0,768.0,6400.0,4800.0,4800.0,4.0,1100.0,0.68,520.0,140.0,55.0,65.0,42.0,11,0.07,0.06,1.5,1,35.0,1.05,140.0,86.0,0.3,125.0,0.035,2638.1458449302972,198733.51619567198,192624.64086770755,222685.39565935222,324214.7488651683,341157.6302420726,342603.7829412383,1.6831426519716934,0.0002518168803365609,4.913929561023223e-07,0.0009290558270413221,0.0009111167972964692,0.584786,0.75,0.8229572,0.0,1.0,0.80375,74.25332891221515,57.72976321983992,0.0,0.05,544.4286383185085,4.84571468003286,66.38215,0.6998615007158149,0.9571574563500113,106.53750000000001,217.9125,0.015625,2.8125,11.25,119.25,23.85,0,0
lora_sft,hbf_latency_us,23,compute_top,memory_bottom,1.0,1.0,180.0,80,8192,64,4,4096,8,16,1,lora_sft,64,0.35,1.2,0.45,0.2,0.92,2,1,64.0,192.0,2048.0,768.0,6400.0,4800.0,4800.0,4.0,1100.0,0.68,520.0,140.0,55.0,65.0,42.0,23,0.07,0.06,1.5,1,35.0,1.05,140.0,86.0,0.3,125.0,0.035,2327.5015524094088,225257.8519044431,222458.18031924797,240413.68636914232,345280.38247949746,366060.13265353744,368513.3093819284,1.5521136691129467,0.00022402119621427302,4.335309476422907e-07,0.0008196585809950992,0.0008038318898134497,0.584786,0.75,0.8229572,0.0,1.0,0.80375,73.9680050309042,57.4652986648884,0.0,0.03333333333333333,540.2379919904103,4.308289285309509,67.57930827217633,0.7238199537856088,1.0759495352258324,106.53750000000001,217.9125,0.015625,2.8125,11.25,119.25,23.85,0,0
lora_sft,hbf_latency_us,37,compute_top,memory_bottom,1.0,1.0,180.0,80,8192,64,4,4096,8,16,1,lora_sft,64,0.35,1.2,0.45,0.2,0.92,2,1,64.0,192.0,2048.0,768.0,6400.0,4800.0,4800.0,4.0,1100.0,0.68,520.0,140.0,55.0,65.0,42.0,37,0.07,0.06,1.5,1,35.0,1.05,140.0,86.0,0.3,125.0,0.035,2555.768619483583,205139.07088582116,200871.8744215137,224668.3392672952,296649.3946287164,317589.76477808674,320192.7267395856,1.4768090131235654,0.00024257279707690573,4.7604900216377955e-07,0.0009000456639133662,0.0008826667879979263,0.584786,0.75,0.8229572,0.0,1.0,0.80375,74.08155154744121,57.68605478042104,0.0,0.05,547.3134150784446,4.6696619323998725,69.46192467191085,0.761462078399825,0.993643013233809,106.53750000000001,217.9125,0.015625,2.8125,11.25,119.25,23.85,0,0
lora_sft,hbf_latency_us,11,compute_top,memory_bottom,1.0,1.0,180.0,80,8192,64,4,4096,8,16,1,lora_sft,64,0.35,1.2,0.45,0.2,0.92,2,1,64.0,192.0,2048.0,768.0,6400.0,4800.0,4800.0,6.0,1100.0,0.68,520.0,140.0,55.0,65.0,42.0,11,0.07,0.06,1.5,1,35.0,1.05,140.0,86.0,0.3,125.0,0.035,2638.120561555883,198735.42082958898,192626.48695502727,222687.52984469503,324217.85609347536,341160.899848559,342607.0664074476,1.6831426519716932,0.00026139823372626656,4.913882467068513e-07,0.0009290469231869836,0.0009111080653656074,0.584786,0.75,0.8129572,0.0,1.0,0.80375,74.11427852593151,57.64924565754801,0.0,0.05,544.4237849308504,4.8457114376275126,66.13215,0.6998562309714507,0.9571574563500113,106.53750000000001,217.9125,0.015625,2.8125,11.25,119.25,23.85,0,0
lora_sft,hbf_latency_us,23,compute_top,memory_bottom,1.0,1.0,180.0,80,8192,64,4,4096,8,16,1,lora_sft,64,0.35,1.2,0.45,0.2,0.92,2,1,64.0,192.0,2048.0,768.0,6400.0,4800.0,4800.0,6.0,1100.0,0.68,520.0,140.0,55.0,65.0,42.0,23,0.07,0.06,1.5,1,35.0,1.05,140.0,86.0,0.3,125.0,0.035,2327.4817083304515,225259.77244997647,222460.07699481762,240415.73613312445,345283.3263355749,366063.25367749645,368516.45132164046,1.5521136691129462,0.00023254520060963032,4.3352725139454967e-07,0.0008196515926562159,0.0008038250364115803,0.584786,0.75,0.8129572,0.0,1.0,0.80375,73.8299653715324,57.385717937752716,0.0,0.03333333333333333,540.2337100468442,4.308286700821823,67.32930827217635,0.7238152655831915,1.0759495352258324,106.53750000000001,217.9125,0.015625,2.8125,11.25,119.25,23.85,0,0
lora_sft,hbf_latency_us,37,compute_top,memory_bottom,1.0,1.0,180.0,80,8192,64,4,4096,8,16,1,lora_sft,64,0.35,1.2,0.45,0.2,0.92,2,1,64.0,192.0,2048.0,768.0,6400.0,4800.0,4800.0,6.0,1100.0,0.68,520.0,140.0,55.0,65.0,42.0,37,0.07,0.06,1.5,1,35.0,1.05,140.0,86.0,0.3,125.0,0.035,2555.7450247445645,205140.9647378264,200873.72887859264,224670.41341427754,296652.133307645,317592.69677933963,320195.6827714861,1.4768090131235652,0.00025180251192521714,4.7604460730116156e-07,0.0009000373547329566,0.0008826586392585043,0.584786,0.75,0.8129572,0.0,1.0,0.80375,73.94310966264246,57.60569205023011,0.0,0.05,547.3087132226701,4.669658938363678,69.21192467191088,0.7614570020566586,0.993643013233809,106.53750000000001,217.9125,0.015625,2.8125,11.25,119.25,23.85,0,0
lora_sft,hbf_latency_us,11,compute_top,memory_bottom,1.0,1.0,180.0,80,8192,64,4,4096,8,16,1,lora_sft,64,0.35,1.2,0.45,0.2,0.92,2,1,64.0,192.0,2048.0,768.0,6400.0,4800.0,4800.0,8.0,1100.0,0.68,520.0,140.0,55.0,65.0,42.0,11,0.07,0.06,1.5,1,35.0,1.05,140.0,86.0,0.3,125.0,0.035,2638.0952786507796,198737.3254646589,192628.33304346443,222689.66403132974,324220.9633236632,341164.1694570244,342610.34987564443,1.683142651971693,0.0002709794092665587,4.913835373987964e-07,0.0009290380194979189,0.0009110993335968282,0.584786,0.75,0.8029572,0.0,1.0,0.80375,73.97522813964787,57.5687280952561,0.0,0.05,544.418931633281,4.845708195224542,65.88215,0.6998509613249033,0.9571574563500113,106.53750000000001,217.9125,0.015625,2.8125,11.25,119.25,23.85,0,0
lora_sft,hbf_latency_us,23,compute_top,memory_bottom,1.0,1.0,180.0,80,8192,64,4,4096,8,16,1,lora_sft,64,0.35,1.2,0.45,0.2,0.92,2,1,64.0,192.0,2048.0,768.0,6400.0,4800.0,4800.0,8.0,1100.0,0.68,520.0,140.0,55.0,65.0,42.0,23,0.07,0.06,1.5,1,35.0,1.05,140.0,86.0,0.3,125.0,0.035,2327.461864577857,225261.6929966724,222461.97367153532,240417.78589834733,345286.2701934344,366066.37470334454,368519.59326325427,1.5521136691129465,0.00024106906481608897,4.335235552075984e-07,0.0008196446044322655,0.0008038181831224248,0.584786,0.75,0.8029572,0.0,1.0,0.80375,73.69192571216063,57.30613721061704,0.0,0.03333333333333333,540.2294281737003,4.308284116335674,67.07930827217633,0.7238105774578779,1.0759495352258324,106.53750000000001,217.9125,0.015625,2.8125,11.25,119.25,23.85,0,0
lora_sft,hbf_latency_us,37,compute_top,memory_bottom,1.0,1.0,180.0,80,8192,64,4,4096,8,16,1,lora_sft,64,0.35,1.2,0.45,0.2,0.92,2,1,64.0,192.0,2048.0,768.0,6400.0,4800.0,4800.0,8.0,1100.0,0.68,520.0,140.0,55.0,65.0,42.0,37,0.07,0.06,1.5,1,35.0,1.05,140.0,86.0,0.3,125.0,0.035,2555.7214304269114,205142.85859097802,200875.5833367941,224672.48756251537,296654.8719882314,317595.6287823674,320198.6388051761,1.4768090131235652,0.0002610320619453832,4.76040212517029e-07,0.000900029045700936,0.0008826504906646062,0.584786,0.75,0.8029572,0.0,1.0,0.80375,73.8046677778436,57.52532932003915,0.0,0.05,547.3040114508635,4.66965594432951,68.96192467191086,0.7614519258041474,0.993643013233809,106.53750000000001,217.9125,0.015625,2.8125,11.25,119.25,23.85,0,0
lora_sft,hbf_latency_us,11,compute_top,memory_bottom,1.0,1.0,180.0,80,8192,64,4,4096,8,16,1,lora_sft,64,0.35,1.2,0.45,0.2,0.92,2,1,64.0,192.0,2048.0,768.0,6400.0,4800.0,4800.0,10.0,1100.0,0.68,520.0,140.0,55.0,65.0,42.0,11,0.07,0.06,1.5,1,35.0,1.05,140.0,86.0,0.3,125.0,0.035,2638.069996214974,198739.23010088177,192630.17913301912,222691.79821925636,324224.07055573206,341167.43906746915,342613.6333458289,1.683142651971693,0.00028056040696238383,4.91378828178155e-07,0.000929029115974123,0.0009110906019901266,0.584786,0.75,0.7929572,0.0,1.0,0.80375,73.83617775336428,57.48821053296418,0.0,0.05,544.4140784257978,4.845704952823948,65.63215,0.6998456917761706,0.9571574563500113,106.53750000000001,217.9125,0.015625,2.8125,11.25,119.25,23.85,0,0
lora_sft,hbf_latency_us,23,compute_top,memory_bottom,1.0,1.0,180.0,80,8192,64,4,4096,8,16,1,lora_sft,64,0.35,1.2,0.45,0.2,0.92,2,1,64.0,192.0,2048.0,768.0,6400.0,4800.0,4800.0,10.0,1100.0,0.68,520.0,140.0,55.0,65.0,42.0,23,0.07,0.06,1.5,1,35.0,1.05,140.0,86.0,0.3,125.0,0.035,2327.442021151618,225263.6135445309,222463.87034940123,240419.83566481096,345289.21405307594,366069.4957310818,368522.73520677,1.5521136691129462,0.0002495927888371025,4.335198590814356e-07,0.0008196376163232453,0.00080381132994598,0.584786,0.75,0.7929572,0.0,1.0,0.80375,73.55388605278891,57.22655648348137,0.0,0.03333333333333333,540.2251463709773,4.308281531851062,66.82930827217635,0.7238058894096665,1.0759495352258324,106.53750000000001,217.9125,0.015625,2.8125,11.25,119.25,23.85,0,0
lora_sft,hbf_latency_us,37,compute_top,memory_bottom,1.0,1.0,180.0,80,8192,64,4,4096,8,16,1,lora_sft,64,0.35,1.2,0.45,0.2,0.92,2,1,64.0,192.0,2048.0,768.0,6400.0,4800.0,4800.0,10.0,1100.0,0.68,520.0,140.0,55.0,65.0,42.0,37,0.07,0.06,1.5,1,35.0,1.05,140.0,86.0,0.3,125.0,0.035,2555.697836530612,205144.75244527604,200877.43779611812,224674.56171200878,296657.6106704756,317598.56078716996,320201.5948406554,1.4768090131235654,0.00027026144714181397,4.7603581781137957e-07,0.0009000207368173002,0.0008826423422162277,0.584786,0.75,0.7929572,0.0,1.0,0.80375,73.66622589304473,57.44496658984817,0.0,0.05,547.2993097630224,4.669652950297371,68.71192467191086,0.7614468496422893,0.993643013233809,106.53750000000001,217.9125,0.015625,2.8125,11.25,119.25,23.85,0,0
lora_sft,hbf_latency_us,11,compute_top,memory_bottom,1.0,1.0,180.0,80,8192,64,4,4096,8,16,1,lora_sft,64,0.35,1.2,0.45,0.2,0.92,2,1,64.0,192.0,2048.0,768.0,6400.0,4800.0,4800.0,12.0,1100.0,0.68,520.0,140.0,55.0,65.0,42.0,11,0.07,0.06,1.5,1,35.0,1.05,140.0,86.0,0.3,125.0,0.035,2638.044714248453,198741.13473825756,192632.02522369128,222693.93240847482,324227.1777896818,341170.70867989305,342616.91681800096,1.6831426519716932,0.0002901412268186883,4.913741190449247e-07,0.0009290202126155918,0.0009110818705454985,0.584786,0.75,0.7829572,0.0,1.0,0.80375,73.69712736708063,57.40769297067227,0.0,0.05,544.4092253083985,4.84570171042573,65.38215,0.6998404223252497,0.9571574563500113,106.53750000000001,217.9125,0.015625,2.8125,11.25,119.25,23.85,0,0
lora_sft,hbf_latency_us,23,compute_top,memory_bottom,1.0,1.0,180.0,80,8192,64,4,4096,8,16,1,lora_sft,64,0.35,1.2,0.45,0.2,0.92,2,1,64.0,192.0,2048.0,768.0,6400.0,4800.0,4800.0,12.0,1100.0,0.68,520.0,140.0,55.0,65.0,42.0,23,0.07,0.06,1.5,1,35.0,1.05,140.0,86.0,0.3,125.0,0.035,2327.4221780517255,225265.53409355198,222465.76702841517,240421.88543251544,345292.15791449946,366072.6167607084,368525.87715218763,1.5521136691129467,0.00025811637267612457,4.335161630160595e-07,0.000819630628329152,0.0008038044768822431,0.584786,0.75,0.7829572,0.0,1.0,0.80375,73.41584639341711,57.14697575634568,0.0,0.03333333333333333,540.2208646386733,4.308278947367984,66.57930827217633,0.7238012014385548,1.0759495352258324,106.53750000000001,217.9125,0.015625,2.8125,11.25,119.25,23.85,0,0
lora_sft,hbf_latency_us,37,compute_top,memory_bottom,1.0,1.0,180.0,80,8192,64,4,4096,8,16,1,lora_sft,64,0.35,1.2,0.45,0.2,0.92,2,1,64.0,192.0,2048.0,768.0,6400.0,4800.0,4800.0,12.0,1100.0,0.68,520.0,140.0,55.0,65.0,42.0,37,0.07,0.06,1.5,1,35.0,1.05,140.0,86.0,0.3,125.0,0.035,2555.674243055655,205146.6463007205,200879.29225656472,224676.63586275766,296660.34935437754,317601.49279374746,320204.55087792414,1.476809013123565,0.00027949066751891966,4.760314231842114e-07,0.0009000124280820455,0.0008826341939133653,0.584786,0.75,0.7829572,0.0,1.0,0.80375,73.52778400824592,57.36460385965723,0.0,0.05,547.2946081591444,4.669649956267258,68.46192467191086,0.7614417735710821,0.993643013233809,106.53750000000001,217.9125,0.015625,2.8125,11.25,119.25,23.85,0,0
lora_sft,bridge_bw_gbs,11,compute_top,memory_bottom,1.0,1.0,180.0,80,8192,64,4,4096,8,16,1,lora_sft,64,0.35,1.2,0.45,0.2,0.92,2,1,64.0,192.0,2048.0,768.0,6400.0,4800.0,3200.0,6.0,1100.0,0.68,520.0,140.0,55.0,65.0,42.0,11,0.07,0.06,1.5,1,35.0,1.05,140.0,86.0,0.3,125.0,0.035,2637.7982747454903,198759.70236980545,192650.02210427355,222714.73785919521,324257.46910699236,341202.5829671262,342648.9262189834,1.6831426519716934,0.00038353160772160643,4.913282161104474e-07,0.0009289334258836599,0.0013664951393525565,0.584786,0.75,0.8129572,0.0,1.0,0.80375,74.11427852593151,57.64924565754801,0.0,0.05,544.3810498000557,4.845499812519779,66.13215,0.699789057615753,0.9571574563500113,106.53750000000001,217.9125,0.015625,2.8125,11.25,119.25,23.85,0,0
lora_sft,bridge_bw_gbs,23,compute_top,memory_bottom,1.0,1.0,180.0,80,8192,64,4,4096,8,16,1,lora_sft,64,0.35,1.2,0.45,0.2,0.92,2,1,64.0,192.0,2048.0,768.0,6400.0,4800.0,3200.0,6.0,1100.0,0.68,520.0,140.0,55.0,65.0,42.0,23,0.07,0.06,1.5,1,35.0,1.05,140.0,86.0,0.3,125.0,0.035,2327.228752462513,225284.2568420636,222484.25707672763,240441.86788795743,345320.8565712277,366103.0425671602,368556.5068592385,1.5521136691129462,0.00034120214229909674,4.334801346925111e-07,0.00081956251110542,0.0012056065123889645,0.584786,0.75,0.8129572,0.0,1.0,0.80375,73.8299653715324,57.385717937752716,0.0,0.03333333333333333,540.1960058711388,4.3081191404026455,67.32930827217635,0.7237555042652624,1.0759495352258324,106.53750000000001,217.9125,0.015625,2.8125,11.25,119.25,23.85,0,0
lora_sft,bridge_bw_gbs,37,compute_top,memory_bottom,1.0,1.0,180.0,80,8192,64,4,4096,8,16,1,lora_sft,64,0.35,1.2,0.45,0.2,0.92,2,1,64.0,192.0,2048.0,768.0,6400.0,4800.0,3200.0,6.0,1100.0,0.68,520.0,140.0,55.0,65.0,42.0,37,0.07,0.06,1.5,1,35.0,1.05,140.0,86.0,0.3,125.0,0.035,2555.4442614906948,205165.10882305898,200897.37073109747,224696.8560198178,296687.04780851107,317630.0758818026,320233.3682326315,1.4768090131235652,0.00036945412349660944,4.759885857795729e-07,0.0008999314372174013,0.0013238321503377078,0.584786,0.75,0.8129572,0.0,1.0,0.80375,73.94310966264246,57.60569205023011,0.0,0.05,547.2673120949056,4.669462628251286,69.21192467191088,0.7613922936702943,0.993643013233809,106.53750000000001,217.9125,0.015625,2.8125,11.25,119.25,23.85,0,0
lora_sft,bridge_bw_gbs,11,compute_top,memory_bottom,1.0,1.0,180.0,80,8192,64,4,4096,8,16,1,lora_sft,64,0.35,1.2,0.45,0.2,0.92,2,1,64.0,192.0,2048.0,768.0,6400.0,4800.0,4000.0,6.0,1100.0,0.68,520.0,140.0,55.0,65.0,42.0,11,0.07,0.06,1.5,1,35.0,1.05,140.0,86.0,0.3,125.0,0.035,2637.998411368055,198744.62309782306,192635.40635447076,222697.84119419407,324232.86871510855,341176.6970028774,342622.930525232,1.6831426519716925,0.00030768810378179514,4.913654944613678e-07,0.000929003906481143,0.0010932790551171393,0.584786,0.75,0.8129572,0.0,1.0,0.80375,74.11427852593151,57.64924565754801,0.0,0.05,544.4079899771519,4.845627654139991,66.13215,0.69983077154292,0.9571574563500113,106.53750000000001,217.9125,0.015625,2.8125,11.25,119.25,23.85,0,0
lora_sft,bridge_bw_gbs,23,compute_top,memory_bottom,1.0,1.0,180.0,80,8192,64,4,4096,8,16,1,lora_sft,64,0.35,1.2,0.45,0.2,0.92,2,1,64.0,192.0,2048.0,768.0,6400.0,4800.0,4000.0,6.0,1100.0,0.68,520.0,140.0,55.0,65.0,42.0,23,0.07,0.06,1.5,1,35.0,1.05,140.0,86.0,0.3,125.0,0.035,2327.3858361226985,225269.05159543123,222469.2408121733,240425.63959951318,345297.5496217539,366078.3329530349,368531.63165196346,1.5521136691129465,0.00027372701217374327,4.335093938042779e-07,0.0008196178300674511,0.0009645503108888075,0.584786,0.75,0.8129572,0.0,1.0,0.80375,73.8299653715324,57.385717937752716,0.0,0.03333333333333333,540.2197746509981,4.308220367583314,67.32930827217633,0.7237926155868312,1.0759495352258324,106.53750000000001,217.9125,0.015625,2.8125,11.25,119.25,23.85,0,0
lora_sft,bridge_bw_gbs,37,compute_top,memory_bottom,1.0,1.0,180.0,80,8192,64,4,4096,8,16,1,lora_sft,64,0.35,1.2,0.45,0.2,0.92,2,1,64.0,192.0,2048.0,768.0,6400.0,4800.0,4000.0,6.0,1100.0,0.68,520.0,140.0,55.0,65.0,42.0,37,0.07,0.06,1.5,1,35.0,1.05,140.0,86.0,0.3,125.0,0.035,2555.6310325349696,205150.11491308693,200882.68871665729,224680.43468750897,296665.365277255,317606.8627887504,320209.9648853427,1.4768090131235654,0.000296393621354133,4.7602337459753633e-07,0.000899997210960479,0.0010591431247408923,0.584786,0.75,0.8129572,0.0,1.0,0.80375,73.94310966264246,57.60569205023011,0.0,0.05,547.2934113585823,4.669581214564523,69.21192467191086,0.7614324769464725,0.993643013233809,106.53750000000001,217.9125,0.015625,2.8125,11.25,119.25,23.85,0,0
lora_sft,bridge_bw_gbs,11,compute_top,memory_bottom,1.0,1.0,180.0,80,8192,64,4,4096,8,16,1,lora_sft,64,0.35,1.2,0.45,0.2,0.92,2,1,64.0,192.0,2048.0,768.0,6400.0,4800.0,4800.0,6.0,1100.0,0.68,520.0,140.0,55.0,65.0,42.0,11,0.07,0.06,1.5,1,35.0,1.05,140.0,86.0,0.3,125.0,0.035,2638.120561555883,198735.42082958898,192626.48695502727,222687.52984469503,324217.85609347536,341160.899848559,342607.0664074476,1.6831426519716932,0.00026139823372626656,4.913882467068513e-07,0.0009290469231869836,0.0009111080653656074,0.584786,0.75,0.8129572,0.0,1.0,0.80375,74.11427852593151,57.64924565754801,0.0,0.05,544.4237849308504,4.8457114376275126,66.13215,0.6998562309714507,0.9571574563500113,106.53750000000001,217.9125,0.015625,2.8125,11.25,119.25,23.85,0,0
lora_sft,bridge_bw_gbs,23,compute_top,memory_bottom,1.0,1.0,180.0,80,8192,64,4,4096,8,16,1,lora_sft,64,0.35,1.2,0.45,0.2,0.92,2,1,64.0,192.0,2048.0,768.0,6400.0,4800.0,4800.0,6.0,1100.0,0.68,520.0,140.0,55.0,65.0,42.0,23,0.07,0.06,1.5,1,35.0,1.05,140.0,86.0,0.3,125.0,0.035,2327.4817083304515,225259.77244997647,222460.07699481762,240415.73613312445,345283.3263355749,366063.25367749645,368516.45132164046,1.5521136691129462,0.00023254520060963032,4.3352725139454967e-07,0.0008196515926562159,0.0008038250364115803,0.584786,0.75,0.8129572,0.0,1.0,0.80375,73.8299653715324,57.385717937752716,0.0,0.03333333333333333,540.2337100468442,4.308286700821823,67.32930827217635,0.7238152655831915,1.0759495352258324,106.53750000000001,217.9125,0.015625,2.8125,11.25,119.25,23.85,0,0
lora_sft,bridge_bw_gbs,37,compute_top,memory_bottom,1.0,1.0,180.0,80,8192,64,4,4096,8,16,1,lora_sft,64,0.35,1.2,0.45,0.2,0.92,2,1,64.0,192.0,2048.0,768.0,6400.0,4800.0,4800.0,6.0,1100.0,0.68,520.0,140.0,55.0,65.0,42.0,37,0.07,0.06,1.5,1,35.0,1.05,140.0,86.0,0.3,125.0,0.035,2555.7450247445645,205140.9647378264,200873.72887859264,224670.41341427754,296652.133307645,317592.69677933963,320195.6827714861,1.4768090131235652,0.00025180251192521714,4.7604460730116156e-07,0.0009000373547329566,0.0008826586392585043,0.584786,0.75,0.8129572,0.0,1.0,0.80375,73.94310966264246,57.60569205023011,0.0,0.05,547.3087132226701,4.669658938363678,69.21192467191088,0.7614570020566586,0.993643013233809,106.53750000000001,217.9125,0.015625,2.8125,11.25,119.25,23.85,0,0
lora_sft,bridge_bw_gbs,11,compute_top,memory_bottom,1.0,1.0,180.0,80,8192,64,4,4096,8,16,1,lora_sft,64,0.35,1.2,0.45,0.2,0.92,2,1,64.0,192.0,2048.0,768.0,6400.0,4800.0,6400.0,6.0,1100.0,0.68,520.0,140.0,55.0,65.0,42.0,11,0.07,0.06,1.5,1,35.0,1.05,140.0,86.0,0.3,125.0,0.035,2638.172005276446,198731.54553660782,192622.73078478966,222683.18749134,324211.5339231403,341154.2472929395,342600.3856519275,1.683142651971693,0.00024190319092389108,4.913978288465079e-07,0.0009290650397321495,0.0006833443740753994,0.584786,0.75,0.8129572,0.0,1.0,0.80375,74.11427852593151,57.64924565754801,0.0,0.05,544.4240932281152,4.845803185589445,66.13215,0.6998669532449919,0.9571574563500113,106.53750000000001,217.9125,0.015625,2.8125,11.25,119.25,23.85,0,0
lora_sft,bridge_bw_gbs,23,compute_top,memory_bottom,1.0,1.0,180.0,80,8192,64,4,4096,8,16,1,lora_sft,64,0.35,1.2,0.45,0.2,0.92,2,1,64.0,192.0,2048.0,768.0,6400.0,4800.0,6400.0,6.0,1100.0,0.68,520.0,140.0,55.0,65.0,42.0,23,0.07,0.06,1.5,1,35.0,1.05,140.0,86.0,0.3,125.0,0.035,2327.5220847500937,225255.86478217793,222456.21789441153,240411.56554900226,345277.3365730841,366056.9034376241,368510.0585252063,1.5521136691129462,0.00021520154967766083,4.3353477208876867e-07,0.0008196658117138984,0.0006028792356863623,0.584786,0.75,0.8129572,0.0,1.0,0.80375,73.8299653715324,57.385717937752716,0.0,0.03333333333333333,540.2339821373835,4.308359269702875,67.32930827217635,0.7238248045912041,1.0759495352258324,106.53750000000001,217.9125,0.015625,2.8125,11.25,119.25,23.85,0,0
lora_sft,bridge_bw_gbs,37,compute_top,memory_bottom,1.0,1.0,180.0,80,8192,64,4,4096,8,16,1,lora_sft,64,0.35,1.2,0.45,0.2,0.92,2,1,64.0,192.0,2048.0,768.0,6400.0,4800.0,6400.0,6.0,1100.0,0.68,520.0,140.0,55.0,65.0,42.0,37,0.07,0.06,1.5,1,35.0,1.05,140.0,86.0,0.3,125.0,0.035,2555.7930326053456,205137.1113824295,200869.95567869442,224666.19321890522,296646.56101202697,317586.73113745183,320189.66823526786,1.4768090131235652,0.0002330229498734018,4.760535494620624e-07,0.0009000542612974242,0.0006620064145320796,0.584786,0.75,0.8129572,0.0,1.0,0.80375,73.94310966264246,57.60569205023011,0.0,0.05,547.3090119281279,4.669744105987734,69.21192467191088,0.7614673308157871,0.993643013233809,106.53750000000001,217.9125,0.015625,2.8125,11.25,119.25,23.85,0,0
lora_sft,traffic_burst_factor,11,compute_top,memory_bottom,1.0,1.0,180.0,80,8192,64,4,4096,8,16,1,lora_sft,64,0.35,1.2,0.45,0.2,0.92,2,1,64.0,192.0,2048.0,768.0,6400.0,4800.0,4800.0,6.0,1100.0,0.68,520.0,140.0,55.0,65.0,42.0,11,0.07,0.06,1.0,1,35.0,1.05,140.0,86.0,0.3,125.0,0.035,2710.1880859472385,193450.78030507098,192220.50611318363,214455.92406862637,228905.33688043413,233339.3780329702,233936.43762550163,1.1908476442448324,0.00026139823372626656,5.048118691793156e-07,0.0009544263970340789,0.0009359974899357914,0.584786,0.75,0.8129572,0.0,1.0,0.80375,73.17015445267457,56.94699110298527,0.0,0.05,558.1029660200758,4.856071819997727,76.3609588938792,0.9044324088490344,0.9571574563500113,106.53750000000001,217.9125,0.015625,2.8125,11.25,119.25,23.85,0,0
lora_sft,traffic_burst_factor,23,compute_top,memory_bottom,1.0,1.0,180.0,80,8192,64,4,4096,8,16,1,lora_sft,64,0.35,1.2,0.45,0.2,0.92,2,1,64.0,192.0,2048.0,768.0,6400.0,4800.0,4800.0,6.0,1100.0,0.68,520.0,140.0,55.0,65.0,42.0,23,0.07,0.06,1.0,1,35.0,1.05,140.0,86.0,0.3,125.0,0.035,2370.056733472475,221213.2699590876,222295.69145460782,237459.0728943409,260225.27553541923,266161.3448019941,266848.36126585375,1.170626717200934,0.00023254520060963032,4.4145746780046737e-07,0.0008346449165737089,0.0008185288560001606,0.584786,0.75,0.8129572,0.0,1.0,0.80375,73.17015445267457,56.94699110298527,0.0,0.03333333333333333,549.4205236741466,4.313738987439286,76.86648206997666,0.9145587415391977,1.0759495352258324,106.53750000000001,217.9125,0.015625,2.8125,11.25,119.25,23.85,0,0
lora_sft,traffic_burst_factor,37,compute_top,memory_bottom,1.0,1.0,180.0,80,8192,64,4,4096,8,16,1,lora_sft,64,0.35,1.2,0.45,0.2,0.92,2,1,64.0,192.0,2048.0,768.0,6400.0,4800.0,4800.0,6.0,1100.0,0.68,520.0,140.0,55.0,65.0,42.0,37,0.07,0.06,1.0,1,35.0,1.05,140.0,86.0,0.3,125.0,0.035,2614.5915384142318,200523.86474025858,200668.5908078462,217736.73271447513,228982.9551587,231321.18764950742,231636.82205347915,1.1411001305030677,0.00025180251192521714,4.870056246247574e-07,0.0009207608854395448,0.0009029820217469303,0.584786,0.75,0.8129572,0.0,1.0,0.80375,73.17015445267457,56.94699110298527,0.0,0.05,558.0997252744,4.684810653022127,77.60464673742331,0.9293114433669073,0.993643013233809,106.53750000000001,217.9125,0.015625,2.8125,11.25,119.25,23.85,0,0
lora_sft,traffic_burst_factor,11,compute_top,memory_bottom,1.0,1.0,180.0,80,8192,64,4,4096,8,16,1,lora_sft,64,0.35,1.2,0.45,0.2,0.92,2,1,64.0,192.0,2048.0,768.0,6400.0,4800.0,4800.0,6.0,1100.0,0.68,520.0,140.0,55.0,65.0,42.0,11,0.07,0.06,1.5,1,35.0,1.05,140.0,86.0,0.3,125.0,0.035,2638.120561555883,198735.42082958898,192626.48695502727,222687.52984469503,324217.85609347536,341160.899848559,342607.0664074476,1.6831426519716932,0.00026139823372626656,4.913882467068513e-07,0.0009290469231869836,0.0009111080653656074,0.584786,0.75,0.8129572,0.0,1.0,0.80375,74.11427852593151,57.64924565754801,0.0,0.05,544.4237849308504,4.8457114376275126,66.13215,0.6998562309714507,0.9571574563500113,106.53750000000001,217.9125,0.015625,2.8125,11.25,119.25,23.85,0,0
lora_sft,traffic_burst_factor,23,compute_top,memory_bottom,1.0,1.0,180.0,80,8192,64,4,4096,8,16,1,lora_sft,64,0.35,1.2,0.45,0.2,0.92,2,1,64.0,192.0,2048.0,768.0,6400.0,4800.0,4800.0,6.0,1100.0,0.68,520.0,140.0,55.0,65.0,42.0,23,0.07,0.06,1.5,1,35.0,1.05,140.0,86.0,0.3,125.0,0.035,2327.4817083304515,225259.77244997647,222460.07699481762,240415.73613312445,345283.3263355749,366063.25367749645,368516.45132164046,1.5521136691129462,0.00023254520060963032,4.3352725139454967e-07,0.0008196515926562159,0.0008038250364115803,0.584786,0.75,0.8129572,0.0,1.0,0.80375,73.8299653715324,57.385717937752716,0.0,0.03333333333333333,540.2337100468442,4.308286700821823,67.32930827217635,0.7238152655831915,1.0759495352258324,106.53750000000001,217.9125,0.015625,2.8125,11.25,119.25,23.85,0,0
lora_sft,traffic_burst_factor,37,compute_top,memory_bottom,1.0,1.0,180.0,80,8192,64,4,4096,8,16,1,lora_sft,64,0.35,1.2,0.45,0.2,0.92,2,1,64.0,192.0,2048.0,768.0,6400.0,4800.0,4800.0,6.0,1100.0,0.68,520.0,140.0,55.0,65.0,42.0,37,0.07,0.06,1.5,1,35.0,1.05,140.0,86.0,0.3,125.0,0.035,2555.7450247445645,205140.9647378264,200873.72887859264,224670.41341427754,296652.133307645,317592.69677933963,320195.6827714861,1.4768090131235652,0.00025180251192521714,4.7604460730116156e-07,0.0009000373547329566,0.0008826586392585043,0.584786,0.75,0.8129572,0.0,1.0,0.80375,73.94310966264246,57.60569205023011,0.0,0.05,547.3087132226701,4.669658938363678,69.21192467191088,0.7614570020566586,0.993643013233809,106.53750000000001,217.9125,0.015625,2.8125,11.25,119.25,23.85,0,0
lora_sft,traffic_burst_factor,11,compute_top,memory_bottom,1.0,1.0,180.0,80,8192,64,4,4096,8,16,1,lora_sft,64,0.35,1.2,0.45,0.2,0.92,2,1,64.0,192.0,2048.0,768.0,6400.0,4800.0,4800.0,6.0,1100.0,0.68,520.0,140.0,55.0,65.0,42.0,11,0.07,0.06,2.0,1,35.0,1.05,140.0,86.0,0.3,125.0,0.035,2569.7865029558084,204020.06135410696,192626.48695502727,222687.52984469503,453571.9868972864,485643.4731026858,488437.54690723645,2.354670918144203,0.00026139823372626656,4.786600364289821e-07,0.0009049822356907318,0.0008875080400911845,0.584786,0.75,0.8129572,0.0,1.0,0.80375,74.54748246672561,57.88134081178919,0.0,0.05,531.3064030812441,4.8367316637869555,66.13215,0.6998562309714507,0.9571574563500113,106.53750000000001,217.9125,0.015625,2.8125,11.25,119.25,23.85,0,0
lora_sft,traffic_burst_factor,23,compute_top,memory_bottom,1.0,1.0,180.0,80,8192,64,4,4096,8,16,1,lora_sft,64,0.35,1.2,0.45,0.2,0.92,2,1,64.0,192.0,2048.0,768.0,6400.0,4800.0,4800.0,6.0,1100.0,0.68,520.0,140.0,55.0,65.0,42.0,23,0.07,0.06,2.0,1,35.0,1.05,140.0,86.0,0.3,125.0,0.035,2286.4093018614776,229306.27494086538,222460.07699481762,240415.73613312445,467516.96710245183,507575.1632402874,512540.083751938,2.101576936491589,0.00023254520060963032,4.25876919526882e-07,0.0008051874345680879,0.0007896401650515746,0.584786,0.75,0.8129572,0.0,1.0,0.80375,74.11683753230614,57.565058090945435,0.0,0.03333333333333333,531.3711305839646,4.302848179480068,66.13215,0.6998721001396646,1.0759495352258324,106.53750000000001,217.9125,0.015625,2.8125,11.25,119.25,23.85,0,0
lora_sft,traffic_burst_factor,37,compute_top,memory_bottom,1.0,1.0,180.0,80,8192,64,4,4096,8,16,1,lora_sft,64,0.35,1.2,0.45,0.2,0.92,2,1,64.0,192.0,2048.0,768.0,6400.0,4800.0,4800.0,6.0,1100.0,0.68,520.0,140.0,55.0,65.0,42.0,37,0.07,0.06,2.0,1,35.0,1.05,140.0,86.0,0.3,125.0,0.035,2499.4891169566195,209758.06473539423,200873.72887859264,224670.41341427754,393851.0304041139,432331.6194748378,437464.9681320743,1.9606895964088764,0.00025180251192521714,4.655661279254816e-07,0.0008802261380648841,0.0008632299550440755,0.584786,0.75,0.8129572,0.0,1.0,0.80375,74.42167519707937,57.991164355879846,0.0,0.05,536.09828344535,4.662371050496784,66.13215,0.6998615086184412,0.993643013233809,106.53750000000001,217.9125,0.015625,2.8125,11.25,119.25,23.85,0,0
lora_sft,traffic_burst_factor,11,compute_top,memory_bottom,1.0,1.0,180.0,80,8192,64,4,4096,8,16,1,lora_sft,64,0.35,1.2,0.45,0.2,0.92,2,1,64.0,192.0,2048.0,768.0,6400.0,4800.0,4800.0,6.0,1100.0,0.68,520.0,140.0,55.0,65.0,42.0,11,0.07,0.06,2.8,1,35.0,1.05,140.0,86.0,0.3,125.0,0.035,2467.522298186153,212475.48619333573,192626.48695502727,222687.52984469503,660538.596183384,716815.5903092887,721766.3157068985,3.429116144020218,0.00026139823372626656,4.5961184393356603e-07,0.0008689686257830106,0.0008521898127434235,0.584786,0.75,0.8129572,0.0,1.0,0.80375,74.58263783826763,57.88282684747332,0.0,0.05,511.6758023092237,4.822433046569872,66.13215,0.6998562309714507,0.9571574563500113,106.53750000000001,217.9125,0.015625,2.8125,11.25,119.25,23.85,0,0
lora_sft,traffic_burst_factor,23,compute_top,memory_bottom,1.0,1.0,180.0,80,8192,64,4,4096,8,16,1,lora_sft,64,0.35,1.2,0.45,0.2,0.92,2,1,64.0,192.0,2048.0,768.0,6400.0,4800.0,4800.0,6.0,1100.0,0.68,520.0,140.0,55.0,65.0,42.0,23,0.07,0.06,2.8,1,35.0,1.05,140.0,86.0,0.3,125.0,0.035,2223.6257965984946,235780.67892628754,222460.07699481762,240415.73613312445,663090.7923294549,733994.218540753,742977.8956404142,2.9807181642974174,0.00023254520060963032,4.1418258037390084e-07,0.0007830774433715265,0.0007679570930757845,0.584786,0.75,0.8129572,0.0,1.0,0.80375,74.11683753230614,57.565058090945435,0.0,0.03333333333333333,517.8237431239282,4.29417504725411,66.13215,0.6998721001396646,1.0759495352258324,106.53750000000001,217.9125,0.015625,2.8125,11.25,119.25,23.85,0,0
lora_sft,traffic_burst_factor,37,compute_top,memory_bottom,1.0,1.0,180.0,80,8192,64,4,4096,8,16,1,lora_sft,64,0.35,1.2,0.45,0.2,0.92,2,1,64.0,192.0,2048.0,768.0,6400.0,4800.0,4800.0,6.0,1100.0,0.68,520.0,140.0,55.0,65.0,42.0,37,0.07,0.06,2.8,1,35.0,1.05,140.0,86.0,0.3,125.0,0.035,2414.455660985143,217145.42473150272,200873.72887859264,224670.41341427754,554043.7642938157,616811.0979258714,625095.8247090152,2.7581693603581074,0.00025180251192521714,4.4972741249672005e-07,0.0008502805503652588,0.0008338625831769493,0.584786,0.75,0.8129572,0.0,1.0,0.80375,74.4768694209441,58.00534193087309,0.0,0.05,519.1531904875692,4.650757628432519,66.13215,0.6998615086184412,0.993643013233809,106.53750000000001,217.9125,0.015625,2.8125,11.25,119.25,23.85,0,0
